-- MySQL dump 10.13  Distrib 8.0.3-rc, for Linux (x86_64)
--
-- Host: localhost    Database: shopper
-- ------------------------------------------------------
-- Server version	8.0.3-rc-log

/*!40101 SET @OLD_CHARACTER_SET_CLIENT=@@CHARACTER_SET_CLIENT */;
/*!40101 SET @OLD_CHARACTER_SET_RESULTS=@@CHARACTER_SET_RESULTS */;
/*!40101 SET @OLD_COLLATION_CONNECTION=@@COLLATION_CONNECTION */;
 SET NAMES utf8 ;
/*!40103 SET @OLD_TIME_ZONE=@@TIME_ZONE */;
/*!40103 SET TIME_ZONE='+00:00' */;
/*!40014 SET @OLD_UNIQUE_CHECKS=@@UNIQUE_CHECKS, UNIQUE_CHECKS=0 */;
/*!40014 SET @OLD_FOREIGN_KEY_CHECKS=@@FOREIGN_KEY_CHECKS, FOREIGN_KEY_CHECKS=0 */;
/*!40101 SET @OLD_SQL_MODE=@@SQL_MODE, SQL_MODE='NO_AUTO_VALUE_ON_ZERO' */;
/*!40111 SET @OLD_SQL_NOTES=@@SQL_NOTES, SQL_NOTES=0 */;

--
-- Table structure for table `area`
--

DROP TABLE IF EXISTS `area`;
/*!40101 SET @saved_cs_client     = @@character_set_client */;
 SET character_set_client = utf8mb4 ;
CREATE TABLE `area` (
  `id` int(11) NOT NULL AUTO_INCREMENT,
  `name` varchar(100) NOT NULL,
  `prefecture_id` int(11) NOT NULL,
  PRIMARY KEY (`id`),
  KEY `prefecture_id` (`prefecture_id`),
  CONSTRAINT `area_ibfk_1` FOREIGN KEY (`prefecture_id`) REFERENCES `prefecture` (`id`)
) ENGINE=InnoDB AUTO_INCREMENT=1904 DEFAULT CHARSET=utf8mb4;
/*!40101 SET character_set_client = @saved_cs_client */;

--
-- Dumping data for table `area`
--

LOCK TABLES `area` WRITE;
/*!40000 ALTER TABLE `area` DISABLE KEYS */;
INSERT INTO `area` VALUES (1,'札幌市中央区',1),(2,'札幌市北区',1),(3,'札幌市東区',1),(4,'札幌市白石区',1),(5,'札幌市豊平区',1),(6,'札幌市南区',1),(7,'札幌市西区',1),(8,'札幌市厚別区',1),(9,'札幌市手稲区',1),(10,'札幌市清田区',1),(11,'函館市',1),(12,'小樽市',1),(13,'旭川市',1),(14,'室蘭市',1),(15,'釧路市',1),(16,'帯広市',1),(17,'北見市',1),(18,'夕張市',1),(19,'岩見沢市',1),(20,'網走市',1),(21,'留萌市',1),(22,'苫小牧市',1),(23,'稚内市',1),(24,'美唄市',1),(25,'芦別市',1),(26,'江別市',1),(27,'赤平市',1),(28,'紋別市',1),(29,'士別市',1),(30,'名寄市',1),(31,'三笠市',1),(32,'根室市',1),(33,'千歳市',1),(34,'滝川市',1),(35,'砂川市',1),(36,'歌志内市',1),(37,'深川市',1),(38,'富良野市',1),(39,'登別市',1),(40,'恵庭市',1),(41,'伊達市',1),(42,'北広島市',1),(43,'石狩市',1),(44,'北斗市',1),(45,'当別町',1),(46,'新篠津村',1),(47,'松前町',1),(48,'福島町',1),(49,'知内町',1),(50,'木古内町',1),(51,'七飯町',1),(52,'鹿部町',1),(53,'森町',1),(54,'八雲町',1),(55,'長万部町',1),(56,'江差町',1),(57,'上ノ国町',1),(58,'厚沢部町',1),(59,'乙部町',1),(60,'奥尻町',1),(61,'今金町',1),(62,'せたな町',1),(63,'島牧村',1),(64,'寿都町',1),(65,'黒松内町',1),(66,'蘭越町',1),(67,'ニセコ町',1),(68,'真狩村',1),(69,'留寿都村',1),(70,'喜茂別町',1),(71,'京極町',1),(72,'倶知安町',1),(73,'共和町',1),(74,'岩内町',1),(75,'泊村',1),(76,'神恵内村',1),(77,'積丹町',1),(78,'古平町',1),(79,'仁木町',1),(80,'余市町',1),(81,'赤井川村',1),(82,'南幌町',1),(83,'奈井江町',1),(84,'上砂川町',1),(85,'由仁町',1),(86,'長沼町',1),(87,'栗山町',1),(88,'月形町',1),(89,'浦臼町',1),(90,'新十津川町',1),(91,'妹背牛町',1),(92,'秩父別町',1),(93,'雨竜町',1),(94,'北竜町',1),(95,'沼田町',1),(96,'鷹栖町',1),(97,'東神楽町',1),(98,'当麻町',1),(99,'比布町',1),(100,'愛別町',1),(101,'上川町',1),(102,'東川町',1),(103,'美瑛町',1),(104,'上富良野町',1),(105,'中富良野町',1),(106,'南富良野町',1),(107,'占冠村',1),(108,'和寒町',1),(109,'剣淵町',1),(110,'下川町',1),(111,'美深町',1),(112,'音威子府村',1),(113,'中川町',1),(114,'幌加内町',1),(115,'増毛町',1),(116,'小平町',1),(117,'苫前町',1),(118,'羽幌町',1),(119,'初山別村',1),(120,'遠別町',1),(121,'天塩町',1),(122,'猿払村',1),(123,'浜頓別町',1),(124,'中頓別町',1),(125,'枝幸町',1),(126,'豊富町',1),(127,'礼文町',1),(128,'利尻町',1),(129,'利尻富士町',1),(130,'幌延町',1),(131,'美幌町',1),(132,'津別町',1),(133,'斜里町',1),(134,'清里町',1),(135,'小清水町',1),(136,'訓子府町',1),(137,'置戸町',1),(138,'佐呂間町',1),(139,'遠軽町',1),(140,'湧別町',1),(141,'滝上町',1),(142,'興部町',1),(143,'西興部村',1),(144,'雄武町',1),(145,'大空町',1),(146,'豊浦町',1),(147,'壮瞥町',1),(148,'白老町',1),(149,'厚真町',1),(150,'洞爺湖町',1),(151,'安平町',1),(152,'むかわ町',1),(153,'日高町',1),(154,'平取町',1),(155,'新冠町',1),(156,'浦河町',1),(157,'様似町',1),(158,'えりも町',1),(159,'新ひだか町',1),(160,'音更町',1),(161,'士幌町',1),(162,'上士幌町',1),(163,'鹿追町',1),(164,'新得町',1),(165,'清水町',1),(166,'芽室町',1),(167,'中札内村',1),(168,'更別村',1),(169,'大樹町',1),(170,'広尾町',1),(171,'幕別町',1),(172,'池田町',1),(173,'豊頃町',1),(174,'本別町',1),(175,'足寄町',1),(176,'陸別町',1),(177,'浦幌町',1),(178,'釧路町',1),(179,'厚岸町',1),(180,'浜中町',1),(181,'標茶町',1),(182,'弟子屈町',1),(183,'鶴居村',1),(184,'白糠町',1),(185,'別海町',1),(186,'中標津町',1),(187,'標津町',1),(188,'羅臼町',1),(189,'色丹村',1),(190,'泊村',1),(191,'留夜別村',1),(192,'留別村',1),(193,'紗那村',1),(194,'蘂取村',1),(195,'青森市',2),(196,'弘前市',2),(197,'八戸市',2),(198,'黒石市',2),(199,'五所川原市',2),(200,'十和田市',2),(201,'三沢市',2),(202,'むつ市',2),(203,'つがる市',2),(204,'平川市',2),(205,'平内町',2),(206,'今別町',2),(207,'蓬田村',2),(208,'外ヶ浜町',2),(209,'鰺ヶ沢町',2),(210,'深浦町',2),(211,'西目屋村',2),(212,'藤崎町',2),(213,'大鰐町',2),(214,'田舎館村',2),(215,'板柳町',2),(216,'鶴田町',2),(217,'中泊町',2),(218,'野辺地町',2),(219,'七戸町',2),(220,'六戸町',2),(221,'横浜町',2),(222,'東北町',2),(223,'六ヶ所村',2),(224,'おいらせ町',2),(225,'大間町',2),(226,'東通村',2),(227,'風間浦村',2),(228,'佐井村',2),(229,'三戸町',2),(230,'五戸町',2),(231,'田子町',2),(232,'南部町',2),(233,'階上町',2),(234,'新郷村',2),(235,'盛岡市',3),(236,'宮古市',3),(237,'大船渡市',3),(238,'花巻市',3),(239,'北上市',3),(240,'久慈市',3),(241,'遠野市',3),(242,'一関市',3),(243,'陸前高田市',3),(244,'釜石市',3),(245,'二戸市',3),(246,'八幡平市',3),(247,'奥州市',3),(248,'滝沢市',3),(249,'雫石町',3),(250,'葛巻町',3),(251,'岩手町',3),(252,'紫波町',3),(253,'矢巾町',3),(254,'西和賀町',3),(255,'金ケ崎町',3),(256,'平泉町',3),(257,'住田町',3),(258,'大槌町',3),(259,'山田町',3),(260,'岩泉町',3),(261,'田野畑村',3),(262,'普代村',3),(263,'軽米町',3),(264,'野田村',3),(265,'九戸村',3),(266,'洋野町',3),(267,'一戸町',3),(268,'仙台市青葉区',4),(269,'仙台市宮城野区',4),(270,'仙台市若林区',4),(271,'仙台市太白区',4),(272,'仙台市泉区',4),(273,'石巻市',4),(274,'塩竈市',4),(275,'気仙沼市',4),(276,'白石市',4),(277,'名取市',4),(278,'角田市',4),(279,'多賀城市',4),(280,'岩沼市',4),(281,'登米市',4),(282,'栗原市',4),(283,'東松島市',4),(284,'大崎市',4),(285,'富谷市',4),(286,'蔵王町',4),(287,'七ヶ宿町',4),(288,'大河原町',4),(289,'村田町',4),(290,'柴田町',4),(291,'川崎町',4),(292,'丸森町',4),(293,'亘理町',4),(294,'山元町',4),(295,'松島町',4),(296,'七ヶ浜町',4),(297,'利府町',4),(298,'大和町',4),(299,'大郷町',4),(300,'大衡村',4),(301,'色麻町',4),(302,'加美町',4),(303,'涌谷町',4),(304,'美里町',4),(305,'女川町',4),(306,'南三陸町',4),(307,'秋田市',5),(308,'能代市',5),(309,'横手市',5),(310,'大館市',5),(311,'男鹿市',5),(312,'湯沢市',5),(313,'鹿角市',5),(314,'由利本荘市',5),(315,'潟上市',5),(316,'大仙市',5),(317,'北秋田市',5),(318,'にかほ市',5),(319,'仙北市',5),(320,'小坂町',5),(321,'上小阿仁村',5),(322,'藤里町',5),(323,'三種町',5),(324,'八峰町',5),(325,'五城目町',5),(326,'八郎潟町',5),(327,'井川町',5),(328,'大潟村',5),(329,'美郷町',5),(330,'羽後町',5),(331,'東成瀬村',5),(332,'山形市',6),(333,'米沢市',6),(334,'鶴岡市',6),(335,'酒田市',6),(336,'新庄市',6),(337,'寒河江市',6),(338,'上山市',6),(339,'村山市',6),(340,'長井市',6),(341,'天童市',6),(342,'東根市',6),(343,'尾花沢市',6),(344,'南陽市',6),(345,'山辺町',6),(346,'中山町',6),(347,'河北町',6),(348,'西川町',6),(349,'朝日町',6),(350,'大江町',6),(351,'大石田町',6),(352,'金山町',6),(353,'最上町',6),(354,'舟形町',6),(355,'真室川町',6),(356,'大蔵村',6),(357,'鮭川村',6),(358,'戸沢村',6),(359,'高畠町',6),(360,'川西町',6),(361,'小国町',6),(362,'白鷹町',6),(363,'飯豊町',6),(364,'三川町',6),(365,'庄内町',6),(366,'遊佐町',6),(367,'福島市',7),(368,'会津若松市',7),(369,'郡山市',7),(370,'いわき市',7),(371,'白河市',7),(372,'須賀川市',7),(373,'喜多方市',7),(374,'相馬市',7),(375,'二本松市',7),(376,'田村市',7),(377,'南相馬市',7),(378,'伊達市',7),(379,'本宮市',7),(380,'桑折町',7),(381,'国見町',7),(382,'川俣町',7),(383,'大玉村',7),(384,'鏡石町',7),(385,'天栄村',7),(386,'下郷町',7),(387,'檜枝岐村',7),(388,'只見町',7),(389,'南会津町',7),(390,'北塩原村',7),(391,'西会津町',7),(392,'磐梯町',7),(393,'猪苗代町',7),(394,'会津坂下町',7),(395,'湯川村',7),(396,'柳津町',7),(397,'三島町',7),(398,'金山町',7),(399,'昭和村',7),(400,'会津美里町',7),(401,'西郷村',7),(402,'泉崎村',7),(403,'中島村',7),(404,'矢吹町',7),(405,'棚倉町',7),(406,'矢祭町',7),(407,'塙町',7),(408,'鮫川村',7),(409,'石川町',7),(410,'玉川村',7),(411,'平田村',7),(412,'浅川町',7),(413,'古殿町',7),(414,'三春町',7),(415,'小野町',7),(416,'広野町',7),(417,'楢葉町',7),(418,'富岡町',7),(419,'川内村',7),(420,'大熊町',7),(421,'双葉町',7),(422,'浪江町',7),(423,'葛尾村',7),(424,'新地町',7),(425,'飯舘村',7),(426,'水戸市',8),(427,'日立市',8),(428,'土浦市',8),(429,'古河市',8),(430,'石岡市',8),(431,'結城市',8),(432,'龍ケ崎市',8),(433,'下妻市',8),(434,'常総市',8),(435,'常陸太田市',8),(436,'高萩市',8),(437,'北茨城市',8),(438,'笠間市',8),(439,'取手市',8),(440,'牛久市',8),(441,'つくば市',8),(442,'ひたちなか市',8),(443,'鹿嶋市',8),(444,'潮来市',8),(445,'守谷市',8),(446,'常陸大宮市',8),(447,'那珂市',8),(448,'筑西市',8),(449,'坂東市',8),(450,'稲敷市',8),(451,'かすみがうら市',8),(452,'桜川市',8),(453,'神栖市',8),(454,'行方市',8),(455,'鉾田市',8),(456,'つくばみらい市',8),(457,'小美玉市',8),(458,'茨城町',8),(459,'大洗町',8),(460,'城里町',8),(461,'東海村',8),(462,'大子町',8),(463,'美浦村',8),(464,'阿見町',8),(465,'河内町',8),(466,'八千代町',8),(467,'五霞町',8),(468,'境町',8),(469,'利根町',8),(470,'宇都宮市',9),(471,'足利市',9),(472,'栃木市',9),(473,'佐野市',9),(474,'鹿沼市',9),(475,'日光市',9),(476,'小山市',9),(477,'真岡市',9),(478,'大田原市',9),(479,'矢板市',9),(480,'那須塩原市',9),(481,'さくら市',9),(482,'那須烏山市',9),(483,'下野市',9),(484,'上三川町',9),(485,'益子町',9),(486,'茂木町',9),(487,'市貝町',9),(488,'芳賀町',9),(489,'壬生町',9),(490,'野木町',9),(491,'塩谷町',9),(492,'高根沢町',9),(493,'那須町',9),(494,'那珂川町',9),(495,'前橋市',10),(496,'高崎市',10),(497,'桐生市',10),(498,'伊勢崎市',10),(499,'太田市',10),(500,'沼田市',10),(501,'館林市',10),(502,'渋川市',10),(503,'藤岡市',10),(504,'富岡市',10),(505,'安中市',10),(506,'みどり市',10),(507,'榛東村',10),(508,'吉岡町',10),(509,'上野村',10),(510,'神流町',10),(511,'下仁田町',10),(512,'南牧村',10),(513,'甘楽町',10),(514,'中之条町',10),(515,'長野原町',10),(516,'嬬恋村',10),(517,'草津町',10),(518,'高山村',10),(519,'東吾妻町',10),(520,'片品村',10),(521,'川場村',10),(522,'昭和村',10),(523,'みなかみ町',10),(524,'玉村町',10),(525,'板倉町',10),(526,'明和町',10),(527,'千代田町',10),(528,'大泉町',10),(529,'邑楽町',10),(530,'さいたま市西区',11),(531,'さいたま市北区',11),(532,'さいたま市大宮区',11),(533,'さいたま市見沼区',11),(534,'さいたま市中央区',11),(535,'さいたま市桜区',11),(536,'さいたま市浦和区',11),(537,'さいたま市南区',11),(538,'さいたま市緑区',11),(539,'さいたま市岩槻区',11),(540,'川越市',11),(541,'熊谷市',11),(542,'川口市',11),(543,'行田市',11),(544,'秩父市',11),(545,'所沢市',11),(546,'飯能市',11),(547,'加須市',11),(548,'本庄市',11),(549,'東松山市',11),(550,'春日部市',11),(551,'狭山市',11),(552,'羽生市',11),(553,'鴻巣市',11),(554,'深谷市',11),(555,'上尾市',11),(556,'草加市',11),(557,'越谷市',11),(558,'蕨市',11),(559,'戸田市',11),(560,'入間市',11),(561,'朝霞市',11),(562,'志木市',11),(563,'和光市',11),(564,'新座市',11),(565,'桶川市',11),(566,'久喜市',11),(567,'北本市',11),(568,'八潮市',11),(569,'富士見市',11),(570,'三郷市',11),(571,'蓮田市',11),(572,'坂戸市',11),(573,'幸手市',11),(574,'鶴ヶ島市',11),(575,'日高市',11),(576,'吉川市',11),(577,'ふじみ野市',11),(578,'白岡市',11),(579,'伊奈町',11),(580,'三芳町',11),(581,'毛呂山町',11),(582,'越生町',11),(583,'滑川町',11),(584,'嵐山町',11),(585,'小川町',11),(586,'川島町',11),(587,'吉見町',11),(588,'鳩山町',11),(589,'ときがわ町',11),(590,'横瀬町',11),(591,'皆野町',11),(592,'長瀞町',11),(593,'小鹿野町',11),(594,'東秩父村',11),(595,'美里町',11),(596,'神川町',11),(597,'上里町',11),(598,'寄居町',11),(599,'宮代町',11),(600,'杉戸町',11),(601,'松伏町',11),(602,'千葉市中央区',12),(603,'千葉市花見川区',12),(604,'千葉市稲毛区',12),(605,'千葉市若葉区',12),(606,'千葉市緑区',12),(607,'千葉市美浜区',12),(608,'銚子市',12),(609,'市川市',12),(610,'船橋市',12),(611,'館山市',12),(612,'木更津市',12),(613,'松戸市',12),(614,'野田市',12),(615,'茂原市',12),(616,'成田市',12),(617,'佐倉市',12),(618,'東金市',12),(619,'旭市',12),(620,'習志野市',12),(621,'柏市',12),(622,'勝浦市',12),(623,'市原市',12),(624,'流山市',12),(625,'八千代市',12),(626,'我孫子市',12),(627,'鴨川市',12),(628,'鎌ケ谷市',12),(629,'君津市',12),(630,'富津市',12),(631,'浦安市',12),(632,'四街道市',12),(633,'袖ケ浦市',12),(634,'八街市',12),(635,'印西市',12),(636,'白井市',12),(637,'富里市',12),(638,'南房総市',12),(639,'匝瑳市',12),(640,'香取市',12),(641,'山武市',12),(642,'いすみ市',12),(643,'大網白里市',12),(644,'酒々井町',12),(645,'栄町',12),(646,'神崎町',12),(647,'多古町',12),(648,'東庄町',12),(649,'九十九里町',12),(650,'芝山町',12),(651,'横芝光町',12),(652,'一宮町',12),(653,'睦沢町',12),(654,'長生村',12),(655,'白子町',12),(656,'長柄町',12),(657,'長南町',12),(658,'大多喜町',12),(659,'御宿町',12),(660,'鋸南町',12),(661,'千代田区',13),(662,'中央区',13),(663,'港区',13),(664,'新宿区',13),(665,'文京区',13),(666,'台東区',13),(667,'墨田区',13),(668,'江東区',13),(669,'品川区',13),(670,'目黒区',13),(671,'大田区',13),(672,'世田谷区',13),(673,'渋谷区',13),(674,'中野区',13),(675,'杉並区',13),(676,'豊島区',13),(677,'北区',13),(678,'荒川区',13),(679,'板橋区',13),(680,'練馬区',13),(681,'足立区',13),(682,'葛飾区',13),(683,'江戸川区',13),(684,'八王子市',13),(685,'立川市',13),(686,'武蔵野市',13),(687,'三鷹市',13),(688,'青梅市',13),(689,'府中市',13),(690,'昭島市',13),(691,'調布市',13),(692,'町田市',13),(693,'小金井市',13),(694,'小平市',13),(695,'日野市',13),(696,'東村山市',13),(697,'国分寺市',13),(698,'国立市',13),(699,'福生市',13),(700,'狛江市',13),(701,'東大和市',13),(702,'清瀬市',13),(703,'東久留米市',13),(704,'武蔵村山市',13),(705,'多摩市',13),(706,'稲城市',13),(707,'羽村市',13),(708,'あきる野市',13),(709,'西東京市',13),(710,'瑞穂町',13),(711,'日の出町',13),(712,'檜原村',13),(713,'奥多摩町',13),(714,'大島町',13),(715,'利島村',13),(716,'新島村',13),(717,'神津島村',13),(718,'三宅村',13),(719,'御蔵島村',13),(720,'八丈町',13),(721,'青ヶ島村',13),(722,'小笠原村',13),(723,'横浜市鶴見区',14),(724,'横浜市神奈川区',14),(725,'横浜市西区',14),(726,'横浜市中区',14),(727,'横浜市南区',14),(728,'横浜市保土ケ谷区',14),(729,'横浜市磯子区',14),(730,'横浜市金沢区',14),(731,'横浜市港北区',14),(732,'横浜市戸塚区',14),(733,'横浜市港南区',14),(734,'横浜市旭区',14),(735,'横浜市緑区',14),(736,'横浜市瀬谷区',14),(737,'横浜市栄区',14),(738,'横浜市泉区',14),(739,'横浜市青葉区',14),(740,'横浜市都筑区',14),(741,'川崎市川崎区',14),(742,'川崎市幸区',14),(743,'川崎市中原区',14),(744,'川崎市高津区',14),(745,'川崎市多摩区',14),(746,'川崎市宮前区',14),(747,'川崎市麻生区',14),(748,'相模原市緑区',14),(749,'相模原市中央区',14),(750,'相模原市南区',14),(751,'横須賀市',14),(752,'平塚市',14),(753,'鎌倉市',14),(754,'藤沢市',14),(755,'小田原市',14),(756,'茅ヶ崎市',14),(757,'逗子市',14),(758,'三浦市',14),(759,'秦野市',14),(760,'厚木市',14),(761,'大和市',14),(762,'伊勢原市',14),(763,'海老名市',14),(764,'座間市',14),(765,'南足柄市',14),(766,'綾瀬市',14),(767,'葉山町',14),(768,'寒川町',14),(769,'大磯町',14),(770,'二宮町',14),(771,'中井町',14),(772,'大井町',14),(773,'松田町',14),(774,'山北町',14),(775,'開成町',14),(776,'箱根町',14),(777,'真鶴町',14),(778,'湯河原町',14),(779,'愛川町',14),(780,'清川村',14),(781,'新潟市北区',15),(782,'新潟市東区',15),(783,'新潟市中央区',15),(784,'新潟市江南区',15),(785,'新潟市秋葉区',15),(786,'新潟市南区',15),(787,'新潟市西区',15),(788,'新潟市西蒲区',15),(789,'長岡市',15),(790,'三条市',15),(791,'柏崎市',15),(792,'新発田市',15),(793,'小千谷市',15),(794,'加茂市',15),(795,'十日町市',15),(796,'見附市',15),(797,'村上市',15),(798,'燕市',15),(799,'糸魚川市',15),(800,'妙高市',15),(801,'五泉市',15),(802,'上越市',15),(803,'阿賀野市',15),(804,'佐渡市',15),(805,'魚沼市',15),(806,'南魚沼市',15),(807,'胎内市',15),(808,'聖籠町',15),(809,'弥彦村',15),(810,'田上町',15),(811,'阿賀町',15),(812,'出雲崎町',15),(813,'湯沢町',15),(814,'津南町',15),(815,'刈羽村',15),(816,'関川村',15),(817,'粟島浦村',15),(818,'富山市',16),(819,'高岡市',16),(820,'魚津市',16),(821,'氷見市',16),(822,'滑川市',16),(823,'黒部市',16),(824,'砺波市',16),(825,'小矢部市',16),(826,'南砺市',16),(827,'射水市',16),(828,'舟橋村',16),(829,'上市町',16),(830,'立山町',16),(831,'入善町',16),(832,'朝日町',16),(833,'金沢市',17),(834,'七尾市',17),(835,'小松市',17),(836,'輪島市',17),(837,'珠洲市',17),(838,'加賀市',17),(839,'羽咋市',17),(840,'かほく市',17),(841,'白山市',17),(842,'能美市',17),(843,'野々市市',17),(844,'川北町',17),(845,'津幡町',17),(846,'内灘町',17),(847,'志賀町',17),(848,'宝達志水町',17),(849,'中能登町',17),(850,'穴水町',17),(851,'能登町',17),(852,'福井市',18),(853,'敦賀市',18),(854,'小浜市',18),(855,'大野市',18),(856,'勝山市',18),(857,'鯖江市',18),(858,'あわら市',18),(859,'越前市',18),(860,'坂井市',18),(861,'永平寺町',18),(862,'池田町',18),(863,'南越前町',18),(864,'越前町',18),(865,'美浜町',18),(866,'高浜町',18),(867,'おおい町',18),(868,'若狭町',18),(869,'甲府市',19),(870,'富士吉田市',19),(871,'都留市',19),(872,'山梨市',19),(873,'大月市',19),(874,'韮崎市',19),(875,'南アルプス市',19),(876,'北杜市',19),(877,'甲斐市',19),(878,'笛吹市',19),(879,'上野原市',19),(880,'甲州市',19),(881,'中央市',19),(882,'市川三郷町',19),(883,'早川町',19),(884,'身延町',19),(885,'南部町',19),(886,'富士川町',19),(887,'昭和町',19),(888,'道志村',19),(889,'西桂町',19),(890,'忍野村',19),(891,'山中湖村',19),(892,'鳴沢村',19),(893,'富士河口湖町',19),(894,'小菅村',19),(895,'丹波山村',19),(896,'長野市',20),(897,'松本市',20),(898,'上田市',20),(899,'岡谷市',20),(900,'飯田市',20),(901,'諏訪市',20),(902,'須坂市',20),(903,'小諸市',20),(904,'伊那市',20),(905,'駒ヶ根市',20),(906,'中野市',20),(907,'大町市',20),(908,'飯山市',20),(909,'茅野市',20),(910,'塩尻市',20),(911,'佐久市',20),(912,'千曲市',20),(913,'東御市',20),(914,'安曇野市',20),(915,'小海町',20),(916,'川上村',20),(917,'南牧村',20),(918,'南相木村',20),(919,'北相木村',20),(920,'佐久穂町',20),(921,'軽井沢町',20),(922,'御代田町',20),(923,'立科町',20),(924,'青木村',20),(925,'長和町',20),(926,'下諏訪町',20),(927,'富士見町',20),(928,'原村',20),(929,'辰野町',20),(930,'箕輪町',20),(931,'飯島町',20),(932,'南箕輪村',20),(933,'中川村',20),(934,'宮田村',20),(935,'松川町',20),(936,'高森町',20),(937,'阿南町',20),(938,'阿智村',20),(939,'平谷村',20),(940,'根羽村',20),(941,'下條村',20),(942,'売木村',20),(943,'天龍村',20),(944,'泰阜村',20),(945,'喬木村',20),(946,'豊丘村',20),(947,'大鹿村',20),(948,'上松町',20),(949,'南木曽町',20),(950,'木祖村',20),(951,'王滝村',20),(952,'大桑村',20),(953,'木曽町',20),(954,'麻績村',20),(955,'生坂村',20),(956,'山形村',20),(957,'朝日村',20),(958,'筑北村',20),(959,'池田町',20),(960,'松川村',20),(961,'白馬村',20),(962,'小谷村',20),(963,'坂城町',20),(964,'小布施町',20),(965,'高山村',20),(966,'山ノ内町',20),(967,'木島平村',20),(968,'野沢温泉村',20),(969,'信濃町',20),(970,'小川村',20),(971,'飯綱町',20),(972,'栄村',20),(973,'岐阜市',21),(974,'大垣市',21),(975,'高山市',21),(976,'多治見市',21),(977,'関市',21),(978,'中津川市',21),(979,'美濃市',21),(980,'瑞浪市',21),(981,'羽島市',21),(982,'恵那市',21),(983,'美濃加茂市',21),(984,'土岐市',21),(985,'各務原市',21),(986,'可児市',21),(987,'山県市',21),(988,'瑞穂市',21),(989,'飛騨市',21),(990,'本巣市',21),(991,'郡上市',21),(992,'下呂市',21),(993,'海津市',21),(994,'岐南町',21),(995,'笠松町',21),(996,'養老町',21),(997,'垂井町',21),(998,'関ケ原町',21),(999,'神戸町',21),(1000,'輪之内町',21),(1001,'安八町',21),(1002,'揖斐川町',21),(1003,'大野町',21),(1004,'池田町',21),(1005,'北方町',21),(1006,'坂祝町',21),(1007,'富加町',21),(1008,'川辺町',21),(1009,'七宗町',21),(1010,'八百津町',21),(1011,'白川町',21),(1012,'東白川村',21),(1013,'御嵩町',21),(1014,'白川村',21),(1015,'静岡市葵区',22),(1016,'静岡市駿河区',22),(1017,'静岡市清水区',22),(1018,'浜松市中区',22),(1019,'浜松市東区',22),(1020,'浜松市西区',22),(1021,'浜松市南区',22),(1022,'浜松市北区',22),(1023,'浜松市浜北区',22),(1024,'浜松市天竜区',22),(1025,'沼津市',22),(1026,'熱海市',22),(1027,'三島市',22),(1028,'富士宮市',22),(1029,'伊東市',22),(1030,'島田市',22),(1031,'富士市',22),(1032,'磐田市',22),(1033,'焼津市',22),(1034,'掛川市',22),(1035,'藤枝市',22),(1036,'御殿場市',22),(1037,'袋井市',22),(1038,'下田市',22),(1039,'裾野市',22),(1040,'湖西市',22),(1041,'伊豆市',22),(1042,'御前崎市',22),(1043,'菊川市',22),(1044,'伊豆の国市',22),(1045,'牧之原市',22),(1046,'東伊豆町',22),(1047,'河津町',22),(1048,'南伊豆町',22),(1049,'松崎町',22),(1050,'西伊豆町',22),(1051,'函南町',22),(1052,'清水町',22),(1053,'長泉町',22),(1054,'小山町',22),(1055,'吉田町',22),(1056,'川根本町',22),(1057,'森町',22),(1058,'名古屋市千種区',23),(1059,'名古屋市東区',23),(1060,'名古屋市北区',23),(1061,'名古屋市西区',23),(1062,'名古屋市中村区',23),(1063,'名古屋市中区',23),(1064,'名古屋市昭和区',23),(1065,'名古屋市瑞穂区',23),(1066,'名古屋市熱田区',23),(1067,'名古屋市中川区',23),(1068,'名古屋市港区',23),(1069,'名古屋市南区',23),(1070,'名古屋市守山区',23),(1071,'名古屋市緑区',23),(1072,'名古屋市名東区',23),(1073,'名古屋市天白区',23),(1074,'豊橋市',23),(1075,'岡崎市',23),(1076,'一宮市',23),(1077,'瀬戸市',23),(1078,'半田市',23),(1079,'春日井市',23),(1080,'豊川市',23),(1081,'津島市',23),(1082,'碧南市',23),(1083,'刈谷市',23),(1084,'豊田市',23),(1085,'安城市',23),(1086,'西尾市',23),(1087,'蒲郡市',23),(1088,'犬山市',23),(1089,'常滑市',23),(1090,'江南市',23),(1091,'小牧市',23),(1092,'稲沢市',23),(1093,'新城市',23),(1094,'東海市',23),(1095,'大府市',23),(1096,'知多市',23),(1097,'知立市',23),(1098,'尾張旭市',23),(1099,'高浜市',23),(1100,'岩倉市',23),(1101,'豊明市',23),(1102,'日進市',23),(1103,'田原市',23),(1104,'愛西市',23),(1105,'清須市',23),(1106,'北名古屋市',23),(1107,'弥富市',23),(1108,'みよし市',23),(1109,'あま市',23),(1110,'長久手市',23),(1111,'東郷町',23),(1112,'豊山町',23),(1113,'大口町',23),(1114,'扶桑町',23),(1115,'大治町',23),(1116,'蟹江町',23),(1117,'飛島村',23),(1118,'阿久比町',23),(1119,'東浦町',23),(1120,'南知多町',23),(1121,'美浜町',23),(1122,'武豊町',23),(1123,'幸田町',23),(1124,'設楽町',23),(1125,'東栄町',23),(1126,'豊根村',23),(1127,'津市',24),(1128,'四日市市',24),(1129,'伊勢市',24),(1130,'松阪市',24),(1131,'桑名市',24),(1132,'鈴鹿市',24),(1133,'名張市',24),(1134,'尾鷲市',24),(1135,'亀山市',24),(1136,'鳥羽市',24),(1137,'熊野市',24),(1138,'いなべ市',24),(1139,'志摩市',24),(1140,'伊賀市',24),(1141,'木曽岬町',24),(1142,'東員町',24),(1143,'菰野町',24),(1144,'朝日町',24),(1145,'川越町',24),(1146,'多気町',24),(1147,'明和町',24),(1148,'大台町',24),(1149,'玉城町',24),(1150,'度会町',24),(1151,'大紀町',24),(1152,'南伊勢町',24),(1153,'紀北町',24),(1154,'御浜町',24),(1155,'紀宝町',24),(1156,'大津市',25),(1157,'彦根市',25),(1158,'長浜市',25),(1159,'近江八幡市',25),(1160,'草津市',25),(1161,'守山市',25),(1162,'栗東市',25),(1163,'甲賀市',25),(1164,'野洲市',25),(1165,'湖南市',25),(1166,'高島市',25),(1167,'東近江市',25),(1168,'米原市',25),(1169,'日野町',25),(1170,'竜王町',25),(1171,'愛荘町',25),(1172,'豊郷町',25),(1173,'甲良町',25),(1174,'多賀町',25),(1175,'京都市北区',26),(1176,'京都市上京区',26),(1177,'京都市左京区',26),(1178,'京都市中京区',26),(1179,'京都市東山区',26),(1180,'京都市下京区',26),(1181,'京都市南区',26),(1182,'京都市右京区',26),(1183,'京都市伏見区',26),(1184,'京都市山科区',26),(1185,'京都市西京区',26),(1186,'福知山市',26),(1187,'舞鶴市',26),(1188,'綾部市',26),(1189,'宇治市',26),(1190,'宮津市',26),(1191,'亀岡市',26),(1192,'城陽市',26),(1193,'向日市',26),(1194,'長岡京市',26),(1195,'八幡市',26),(1196,'京田辺市',26),(1197,'京丹後市',26),(1198,'南丹市',26),(1199,'木津川市',26),(1200,'大山崎町',26),(1201,'久御山町',26),(1202,'井手町',26),(1203,'宇治田原町',26),(1204,'笠置町',26),(1205,'和束町',26),(1206,'精華町',26),(1207,'南山城村',26),(1208,'京丹波町',26),(1209,'伊根町',26),(1210,'与謝野町',26),(1211,'大阪市都島区',27),(1212,'大阪市福島区',27),(1213,'大阪市此花区',27),(1214,'大阪市西区',27),(1215,'大阪市港区',27),(1216,'大阪市大正区',27),(1217,'大阪市天王寺区',27),(1218,'大阪市浪速区',27),(1219,'大阪市西淀川区',27),(1220,'大阪市東淀川区',27),(1221,'大阪市東成区',27),(1222,'大阪市生野区',27),(1223,'大阪市旭区',27),(1224,'大阪市城東区',27),(1225,'大阪市阿倍野区',27),(1226,'大阪市住吉区',27),(1227,'大阪市東住吉区',27),(1228,'大阪市西成区',27),(1229,'大阪市淀川区',27),(1230,'大阪市鶴見区',27),(1231,'大阪市住之江区',27),(1232,'大阪市平野区',27),(1233,'大阪市北区',27),(1234,'大阪市中央区',27),(1235,'堺市堺区',27),(1236,'堺市中区',27),(1237,'堺市東区',27),(1238,'堺市西区',27),(1239,'堺市南区',27),(1240,'堺市北区',27),(1241,'堺市美原区',27),(1242,'岸和田市',27),(1243,'豊中市',27),(1244,'池田市',27),(1245,'吹田市',27),(1246,'泉大津市',27),(1247,'高槻市',27),(1248,'貝塚市',27),(1249,'守口市',27),(1250,'枚方市',27),(1251,'茨木市',27),(1252,'八尾市',27),(1253,'泉佐野市',27),(1254,'富田林市',27),(1255,'寝屋川市',27),(1256,'河内長野市',27),(1257,'松原市',27),(1258,'大東市',27),(1259,'和泉市',27),(1260,'箕面市',27),(1261,'柏原市',27),(1262,'羽曳野市',27),(1263,'門真市',27),(1264,'摂津市',27),(1265,'高石市',27),(1266,'藤井寺市',27),(1267,'東大阪市',27),(1268,'泉南市',27),(1269,'四條畷市',27),(1270,'交野市',27),(1271,'大阪狭山市',27),(1272,'阪南市',27),(1273,'島本町',27),(1274,'豊能町',27),(1275,'能勢町',27),(1276,'忠岡町',27),(1277,'熊取町',27),(1278,'田尻町',27),(1279,'岬町',27),(1280,'太子町',27),(1281,'河南町',27),(1282,'千早赤阪村',27),(1283,'神戸市東灘区',28),(1284,'神戸市灘区',28),(1285,'神戸市兵庫区',28),(1286,'神戸市長田区',28),(1287,'神戸市須磨区',28),(1288,'神戸市垂水区',28),(1289,'神戸市北区',28),(1290,'神戸市中央区',28),(1291,'神戸市西区',28),(1292,'姫路市',28),(1293,'尼崎市',28),(1294,'明石市',28),(1295,'西宮市',28),(1296,'洲本市',28),(1297,'芦屋市',28),(1298,'伊丹市',28),(1299,'相生市',28),(1300,'豊岡市',28),(1301,'加古川市',28),(1302,'赤穂市',28),(1303,'西脇市',28),(1304,'宝塚市',28),(1305,'三木市',28),(1306,'高砂市',28),(1307,'川西市',28),(1308,'小野市',28),(1309,'三田市',28),(1310,'加西市',28),(1311,'丹波篠山市',28),(1312,'養父市',28),(1313,'丹波市',28),(1314,'南あわじ市',28),(1315,'朝来市',28),(1316,'淡路市',28),(1317,'宍粟市',28),(1318,'加東市',28),(1319,'たつの市',28),(1320,'猪名川町',28),(1321,'多可町',28),(1322,'稲美町',28),(1323,'播磨町',28),(1324,'市川町',28),(1325,'福崎町',28),(1326,'神河町',28),(1327,'太子町',28),(1328,'上郡町',28),(1329,'佐用町',28),(1330,'香美町',28),(1331,'新温泉町',28),(1332,'奈良市',29),(1333,'大和高田市',29),(1334,'大和郡山市',29),(1335,'天理市',29),(1336,'橿原市',29),(1337,'桜井市',29),(1338,'五條市',29),(1339,'御所市',29),(1340,'生駒市',29),(1341,'香芝市',29),(1342,'葛城市',29),(1343,'宇陀市',29),(1344,'山添村',29),(1345,'平群町',29),(1346,'三郷町',29),(1347,'斑鳩町',29),(1348,'安堵町',29),(1349,'川西町',29),(1350,'三宅町',29),(1351,'田原本町',29),(1352,'曽爾村',29),(1353,'御杖村',29),(1354,'高取町',29),(1355,'明日香村',29),(1356,'上牧町',29),(1357,'王寺町',29),(1358,'広陵町',29),(1359,'河合町',29),(1360,'吉野町',29),(1361,'大淀町',29),(1362,'下市町',29),(1363,'黒滝村',29),(1364,'天川村',29),(1365,'野迫川村',29),(1366,'十津川村',29),(1367,'下北山村',29),(1368,'上北山村',29),(1369,'川上村',29),(1370,'東吉野村',29),(1371,'和歌山市',30),(1372,'海南市',30),(1373,'橋本市',30),(1374,'有田市',30),(1375,'御坊市',30),(1376,'田辺市',30),(1377,'新宮市',30),(1378,'紀の川市',30),(1379,'岩出市',30),(1380,'紀美野町',30),(1381,'かつらぎ町',30),(1382,'九度山町',30),(1383,'高野町',30),(1384,'湯浅町',30),(1385,'広川町',30),(1386,'有田川町',30),(1387,'美浜町',30),(1388,'日高町',30),(1389,'由良町',30),(1390,'印南町',30),(1391,'みなべ町',30),(1392,'日高川町',30),(1393,'白浜町',30),(1394,'上富田町',30),(1395,'すさみ町',30),(1396,'那智勝浦町',30),(1397,'太地町',30),(1398,'古座川町',30),(1399,'北山村',30),(1400,'串本町',30),(1401,'鳥取市',31),(1402,'米子市',31),(1403,'倉吉市',31),(1404,'境港市',31),(1405,'岩美町',31),(1406,'若桜町',31),(1407,'智頭町',31),(1408,'八頭町',31),(1409,'三朝町',31),(1410,'湯梨浜町',31),(1411,'琴浦町',31),(1412,'北栄町',31),(1413,'日吉津村',31),(1414,'大山町',31),(1415,'南部町',31),(1416,'伯耆町',31),(1417,'日南町',31),(1418,'日野町',31),(1419,'江府町',31),(1420,'松江市',32),(1421,'浜田市',32),(1422,'出雲市',32),(1423,'益田市',32),(1424,'大田市',32),(1425,'安来市',32),(1426,'江津市',32),(1427,'雲南市',32),(1428,'奥出雲町',32),(1429,'飯南町',32),(1430,'川本町',32),(1431,'美郷町',32),(1432,'邑南町',32),(1433,'津和野町',32),(1434,'吉賀町',32),(1435,'海士町',32),(1436,'西ノ島町',32),(1437,'知夫村',32),(1438,'隠岐の島町',32),(1439,'岡山市北区',33),(1440,'岡山市中区',33),(1441,'岡山市東区',33),(1442,'岡山市南区',33),(1443,'倉敷市',33),(1444,'津山市',33),(1445,'玉野市',33),(1446,'笠岡市',33),(1447,'井原市',33),(1448,'総社市',33),(1449,'高梁市',33),(1450,'新見市',33),(1451,'備前市',33),(1452,'瀬戸内市',33),(1453,'赤磐市',33),(1454,'真庭市',33),(1455,'美作市',33),(1456,'浅口市',33),(1457,'和気町',33),(1458,'早島町',33),(1459,'里庄町',33),(1460,'矢掛町',33),(1461,'新庄村',33),(1462,'鏡野町',33),(1463,'勝央町',33),(1464,'奈義町',33),(1465,'西粟倉村',33),(1466,'久米南町',33),(1467,'美咲町',33),(1468,'吉備中央町',33),(1469,'広島市中区',34),(1470,'広島市東区',34),(1471,'広島市南区',34),(1472,'広島市西区',34),(1473,'広島市安佐南区',34),(1474,'広島市安佐北区',34),(1475,'広島市安芸区',34),(1476,'広島市佐伯区',34),(1477,'呉市',34),(1478,'竹原市',34),(1479,'三原市',34),(1480,'尾道市',34),(1481,'福山市',34),(1482,'府中市',34),(1483,'三次市',34),(1484,'庄原市',34),(1485,'大竹市',34),(1486,'東広島市',34),(1487,'廿日市市',34),(1488,'安芸高田市',34),(1489,'江田島市',34),(1490,'府中町',34),(1491,'海田町',34),(1492,'熊野町',34),(1493,'坂町',34),(1494,'安芸太田町',34),(1495,'北広島町',34),(1496,'大崎上島町',34),(1497,'世羅町',34),(1498,'神石高原町',34),(1499,'下関市',35),(1500,'宇部市',35),(1501,'山口市',35),(1502,'萩市',35),(1503,'防府市',35),(1504,'下松市',35),(1505,'岩国市',35),(1506,'光市',35),(1507,'長門市',35),(1508,'柳井市',35),(1509,'美祢市',35),(1510,'周南市',35),(1511,'山陽小野田市',35),(1512,'周防大島町',35),(1513,'和木町',35),(1514,'上関町',35),(1515,'田布施町',35),(1516,'平生町',35),(1517,'阿武町',35),(1518,'徳島市',36),(1519,'鳴門市',36),(1520,'小松島市',36),(1521,'阿南市',36),(1522,'吉野川市',36),(1523,'阿波市',36),(1524,'美馬市',36),(1525,'三好市',36),(1526,'勝浦町',36),(1527,'上勝町',36),(1528,'佐那河内村',36),(1529,'石井町',36),(1530,'神山町',36),(1531,'那賀町',36),(1532,'牟岐町',36),(1533,'美波町',36),(1534,'海陽町',36),(1535,'松茂町',36),(1536,'北島町',36),(1537,'藍住町',36),(1538,'板野町',36),(1539,'上板町',36),(1540,'つるぎ町',36),(1541,'東みよし町',36),(1542,'高松市',37),(1543,'丸亀市',37),(1544,'坂出市',37),(1545,'善通寺市',37),(1546,'観音寺市',37),(1547,'さぬき市',37),(1548,'東かがわ市',37),(1549,'三豊市',37),(1550,'土庄町',37),(1551,'小豆島町',37),(1552,'三木町',37),(1553,'直島町',37),(1554,'宇多津町',37),(1555,'綾川町',37),(1556,'琴平町',37),(1557,'多度津町',37),(1558,'まんのう町',37),(1559,'松山市',38),(1560,'今治市',38),(1561,'宇和島市',38),(1562,'八幡浜市',38),(1563,'新居浜市',38),(1564,'西条市',38),(1565,'大洲市',38),(1566,'伊予市',38),(1567,'四国中央市',38),(1568,'西予市',38),(1569,'東温市',38),(1570,'上島町',38),(1571,'久万高原町',38),(1572,'松前町',38),(1573,'砥部町',38),(1574,'内子町',38),(1575,'伊方町',38),(1576,'松野町',38),(1577,'鬼北町',38),(1578,'愛南町',38),(1579,'高知市',39),(1580,'室戸市',39),(1581,'安芸市',39),(1582,'南国市',39),(1583,'土佐市',39),(1584,'須崎市',39),(1585,'宿毛市',39),(1586,'土佐清水市',39),(1587,'四万十市',39),(1588,'香南市',39),(1589,'香美市',39),(1590,'東洋町',39),(1591,'奈半利町',39),(1592,'田野町',39),(1593,'安田町',39),(1594,'北川村',39),(1595,'馬路村',39),(1596,'芸西村',39),(1597,'本山町',39),(1598,'大豊町',39),(1599,'土佐町',39),(1600,'大川村',39),(1601,'いの町',39),(1602,'仁淀川町',39),(1603,'中土佐町',39),(1604,'佐川町',39),(1605,'越知町',39),(1606,'梼原町',39),(1607,'日高村',39),(1608,'津野町',39),(1609,'四万十町',39),(1610,'大月町',39),(1611,'三原村',39),(1612,'黒潮町',39),(1613,'北九州市門司区',40),(1614,'北九州市若松区',40),(1615,'北九州市戸畑区',40),(1616,'北九州市小倉北区',40),(1617,'北九州市小倉南区',40),(1618,'北九州市八幡東区',40),(1619,'北九州市八幡西区',40),(1620,'福岡市',40),(1621,'福岡市東区',40),(1622,'福岡市博多区',40),(1623,'福岡市中央区',40),(1624,'福岡市南区',40),(1625,'福岡市西区',40),(1626,'福岡市城南区',40),(1627,'福岡市早良区',40),(1628,'大牟田市',40),(1629,'久留米市',40),(1630,'直方市',40),(1631,'飯塚市',40),(1632,'田川市',40),(1633,'柳川市',40),(1634,'八女市',40),(1635,'筑後市',40),(1636,'大川市',40),(1637,'行橋市',40),(1638,'豊前市',40),(1639,'中間市',40),(1640,'小郡市',40),(1641,'筑紫野市',40),(1642,'春日市',40),(1643,'大野城市',40),(1644,'宗像市',40),(1645,'太宰府市',40),(1646,'古賀市',40),(1647,'福津市',40),(1648,'うきは市',40),(1649,'宮若市',40),(1650,'嘉麻市',40),(1651,'朝倉市',40),(1652,'みやま市',40),(1653,'糸島市',40),(1654,'那珂川市',40),(1655,'宇美町',40),(1656,'篠栗町',40),(1657,'志免町',40),(1658,'須恵町',40),(1659,'新宮町',40),(1660,'久山町',40),(1661,'粕屋町',40),(1662,'芦屋町',40),(1663,'水巻町',40),(1664,'岡垣町',40),(1665,'遠賀町',40),(1666,'小竹町',40),(1667,'鞍手町',40),(1668,'桂川町',40),(1669,'筑前町',40),(1670,'東峰村',40),(1671,'大刀洗町',40),(1672,'大木町',40),(1673,'広川町',40),(1674,'香春町',40),(1675,'添田町',40),(1676,'糸田町',40),(1677,'川崎町',40),(1678,'大任町',40),(1679,'赤村',40),(1680,'福智町',40),(1681,'苅田町',40),(1682,'みやこ町',40),(1683,'吉富町',40),(1684,'上毛町',40),(1685,'築上町',40),(1686,'佐賀市',41),(1687,'唐津市',41),(1688,'鳥栖市',41),(1689,'多久市',41),(1690,'伊万里市',41),(1691,'武雄市',41),(1692,'鹿島市',41),(1693,'小城市',41),(1694,'嬉野市',41),(1695,'神埼市',41),(1696,'吉野ヶ里町',41),(1697,'基山町',41),(1698,'上峰町',41),(1699,'みやき町',41),(1700,'玄海町',41),(1701,'有田町',41),(1702,'大町町',41),(1703,'江北町',41),(1704,'白石町',41),(1705,'太良町',41),(1706,'長崎市',42),(1707,'佐世保市',42),(1708,'島原市',42),(1709,'諫早市',42),(1710,'大村市',42),(1711,'平戸市',42),(1712,'松浦市',42),(1713,'対馬市',42),(1714,'壱岐市',42),(1715,'五島市',42),(1716,'西海市',42),(1717,'雲仙市',42),(1718,'南島原市',42),(1719,'長与町',42),(1720,'時津町',42),(1721,'東彼杵町',42),(1722,'川棚町',42),(1723,'波佐見町',42),(1724,'小値賀町',42),(1725,'佐々町',42),(1726,'新上五島町',42),(1727,'熊本市中央区',43),(1728,'熊本市東区',43),(1729,'熊本市西区',43),(1730,'熊本市南区',43),(1731,'熊本市北区',43),(1732,'八代市',43),(1733,'人吉市',43),(1734,'荒尾市',43),(1735,'水俣市',43),(1736,'玉名市',43),(1737,'山鹿市',43),(1738,'菊池市',43),(1739,'宇土市',43),(1740,'上天草市',43),(1741,'宇城市',43),(1742,'阿蘇市',43),(1743,'天草市',43),(1744,'合志市',43),(1745,'美里町',43),(1746,'玉東町',43),(1747,'南関町',43),(1748,'長洲町',43),(1749,'和水町',43),(1750,'大津町',43),(1751,'菊陽町',43),(1752,'南小国町',43),(1753,'小国町',43),(1754,'産山村',43),(1755,'高森町',43),(1756,'西原村',43),(1757,'南阿蘇村',43),(1758,'御船町',43),(1759,'嘉島町',43),(1760,'益城町',43),(1761,'甲佐町',43),(1762,'山都町',43),(1763,'氷川町',43),(1764,'芦北町',43),(1765,'津奈木町',43),(1766,'錦町',43),(1767,'多良木町',43),(1768,'湯前町',43),(1769,'水上村',43),(1770,'相良村',43),(1771,'五木村',43),(1772,'山江村',43),(1773,'球磨村',43),(1774,'あさぎり町',43),(1775,'苓北町',43),(1776,'大分市',44),(1777,'別府市',44),(1778,'中津市',44),(1779,'日田市',44),(1780,'佐伯市',44),(1781,'臼杵市',44),(1782,'津久見市',44),(1783,'竹田市',44),(1784,'豊後高田市',44),(1785,'杵築市',44),(1786,'宇佐市',44),(1787,'豊後大野市',44),(1788,'由布市',44),(1789,'国東市',44),(1790,'姫島村',44),(1791,'日出町',44),(1792,'九重町',44),(1793,'玖珠町',44),(1794,'宮崎市',45),(1795,'都城市',45),(1796,'延岡市',45),(1797,'日南市',45),(1798,'小林市',45),(1799,'日向市',45),(1800,'串間市',45),(1801,'西都市',45),(1802,'えびの市',45),(1803,'三股町',45),(1804,'高原町',45),(1805,'国富町',45),(1806,'綾町',45),(1807,'高鍋町',45),(1808,'新富町',45),(1809,'西米良村',45),(1810,'木城町',45),(1811,'川南町',45),(1812,'都農町',45),(1813,'門川町',45),(1814,'諸塚村',45),(1815,'椎葉村',45),(1816,'美郷町',45),(1817,'高千穂町',45),(1818,'日之影町',45),(1819,'五ヶ瀬町',45),(1820,'鹿児島市',46),(1821,'鹿屋市',46),(1822,'枕崎市',46),(1823,'阿久根市',46),(1824,'出水市',46),(1825,'指宿市',46),(1826,'西之表市',46),(1827,'垂水市',46),(1828,'薩摩川内市',46),(1829,'日置市',46),(1830,'曽於市',46),(1831,'霧島市',46),(1832,'いちき串木野市',46),(1833,'南さつま市',46),(1834,'志布志市',46),(1835,'奄美市',46),(1836,'南九州市',46),(1837,'伊佐市',46),(1838,'姶良市',46),(1839,'三島村',46),(1840,'十島村',46),(1841,'さつま町',46),(1842,'長島町',46),(1843,'湧水町',46),(1844,'大崎町',46),(1845,'東串良町',46),(1846,'錦江町',46),(1847,'南大隅町',46),(1848,'肝付町',46),(1849,'中種子町',46),(1850,'南種子町',46),(1851,'屋久島町',46),(1852,'大和村',46),(1853,'宇検村',46),(1854,'瀬戸内町',46),(1855,'龍郷町',46),(1856,'喜界町',46),(1857,'徳之島町',46),(1858,'天城町',46),(1859,'伊仙町',46),(1860,'和泊町',46),(1861,'知名町',46),(1862,'与論町',46),(1863,'那覇市',47),(1864,'宜野湾市',47),(1865,'石垣市',47),(1866,'浦添市',47),(1867,'名護市',47),(1868,'糸満市',47),(1869,'沖縄市',47),(1870,'豊見城市',47),(1871,'うるま市',47),(1872,'宮古島市',47),(1873,'南城市',47),(1874,'国頭村',47),(1875,'大宜味村',47),(1876,'東村',47),(1877,'今帰仁村',47),(1878,'本部町',47),(1879,'恩納村',47),(1880,'宜野座村',47),(1881,'金武町',47),(1882,'伊江村',47),(1883,'読谷村',47),(1884,'嘉手納町',47),(1885,'北谷町',47),(1886,'北中城村',47),(1887,'中城村',47),(1888,'西原町',47),(1889,'与那原町',47),(1890,'南風原町',47),(1891,'渡嘉敷村',47),(1892,'座間味村',47),(1893,'粟国村',47),(1894,'渡名喜村',47),(1895,'南大東村',47),(1896,'北大東村',47),(1897,'伊平屋村',47),(1898,'伊是名村',47),(1899,'久米島町',47),(1900,'八重瀬町',47),(1901,'多良間村',47),(1902,'竹富町',47),(1903,'与那国町',47);
/*!40000 ALTER TABLE `area` ENABLE KEYS */;
UNLOCK TABLES;

--
-- Table structure for table `auth_group`
--

DROP TABLE IF EXISTS `auth_group`;
/*!40101 SET @saved_cs_client     = @@character_set_client */;
 SET character_set_client = utf8mb4 ;
CREATE TABLE `auth_group` (
  `id` int(11) NOT NULL AUTO_INCREMENT,
  `name` varchar(150) NOT NULL,
  PRIMARY KEY (`id`),
  UNIQUE KEY `name` (`name`)
) ENGINE=InnoDB DEFAULT CHARSET=utf8;
/*!40101 SET character_set_client = @saved_cs_client */;

--
-- Dumping data for table `auth_group`
--

LOCK TABLES `auth_group` WRITE;
/*!40000 ALTER TABLE `auth_group` DISABLE KEYS */;
/*!40000 ALTER TABLE `auth_group` ENABLE KEYS */;
UNLOCK TABLES;

--
-- Table structure for table `auth_group_permissions`
--

DROP TABLE IF EXISTS `auth_group_permissions`;
/*!40101 SET @saved_cs_client     = @@character_set_client */;
 SET character_set_client = utf8mb4 ;
CREATE TABLE `auth_group_permissions` (
  `id` bigint(20) NOT NULL AUTO_INCREMENT,
  `group_id` int(11) NOT NULL,
  `permission_id` int(11) NOT NULL,
  PRIMARY KEY (`id`),
  UNIQUE KEY `auth_group_permissions_group_id_permission_id_0cd325b0_uniq` (`group_id`,`permission_id`),
  KEY `auth_group_permissio_permission_id_84c5c92e_fk_auth_perm` (`permission_id`),
  CONSTRAINT `auth_group_permissio_permission_id_84c5c92e_fk_auth_perm` FOREIGN KEY (`permission_id`) REFERENCES `auth_permission` (`id`),
  CONSTRAINT `auth_group_permissions_group_id_b120cbf9_fk_auth_group_id` FOREIGN KEY (`group_id`) REFERENCES `auth_group` (`id`)
) ENGINE=InnoDB DEFAULT CHARSET=utf8;
/*!40101 SET character_set_client = @saved_cs_client */;

--
-- Dumping data for table `auth_group_permissions`
--

LOCK TABLES `auth_group_permissions` WRITE;
/*!40000 ALTER TABLE `auth_group_permissions` DISABLE KEYS */;
/*!40000 ALTER TABLE `auth_group_permissions` ENABLE KEYS */;
UNLOCK TABLES;

--
-- Table structure for table `auth_permission`
--

DROP TABLE IF EXISTS `auth_permission`;
/*!40101 SET @saved_cs_client     = @@character_set_client */;
 SET character_set_client = utf8mb4 ;
CREATE TABLE `auth_permission` (
  `id` int(11) NOT NULL AUTO_INCREMENT,
  `name` varchar(255) NOT NULL,
  `content_type_id` int(11) NOT NULL,
  `codename` varchar(100) NOT NULL,
  PRIMARY KEY (`id`),
  UNIQUE KEY `auth_permission_content_type_id_codename_01ab375a_uniq` (`content_type_id`,`codename`),
  CONSTRAINT `auth_permission_content_type_id_2f476e4b_fk_django_co` FOREIGN KEY (`content_type_id`) REFERENCES `django_content_type` (`id`)
) ENGINE=InnoDB AUTO_INCREMENT=25 DEFAULT CHARSET=utf8;
/*!40101 SET character_set_client = @saved_cs_client */;

--
-- Dumping data for table `auth_permission`
--

LOCK TABLES `auth_permission` WRITE;
/*!40000 ALTER TABLE `auth_permission` DISABLE KEYS */;
INSERT INTO `auth_permission` VALUES (1,'Can add log entry',1,'add_logentry'),(2,'Can change log entry',1,'change_logentry'),(3,'Can delete log entry',1,'delete_logentry'),(4,'Can view log entry',1,'view_logentry'),(5,'Can add permission',2,'add_permission'),(6,'Can change permission',2,'change_permission'),(7,'Can delete permission',2,'delete_permission'),(8,'Can view permission',2,'view_permission'),(9,'Can add group',3,'add_group'),(10,'Can change group',3,'change_group'),(11,'Can delete group',3,'delete_group'),(12,'Can view group',3,'view_group'),(13,'Can add user',4,'add_user'),(14,'Can change user',4,'change_user'),(15,'Can delete user',4,'delete_user'),(16,'Can view user',4,'view_user'),(17,'Can add content type',5,'add_contenttype'),(18,'Can change content type',5,'change_contenttype'),(19,'Can delete content type',5,'delete_contenttype'),(20,'Can view content type',5,'view_contenttype'),(21,'Can add session',6,'add_session'),(22,'Can change session',6,'change_session'),(23,'Can delete session',6,'delete_session'),(24,'Can view session',6,'view_session');
/*!40000 ALTER TABLE `auth_permission` ENABLE KEYS */;
UNLOCK TABLES;

--
-- Table structure for table `auth_user`
--

DROP TABLE IF EXISTS `auth_user`;
/*!40101 SET @saved_cs_client     = @@character_set_client */;
 SET character_set_client = utf8mb4 ;
CREATE TABLE `auth_user` (
  `id` int(11) NOT NULL AUTO_INCREMENT,
  `password` varchar(128) NOT NULL,
  `last_login` datetime(6) DEFAULT NULL,
  `is_superuser` tinyint(1) NOT NULL,
  `username` varchar(150) NOT NULL,
  `first_name` varchar(150) NOT NULL,
  `last_name` varchar(150) NOT NULL,
  `email` varchar(254) NOT NULL,
  `is_staff` tinyint(1) NOT NULL,
  `is_active` tinyint(1) NOT NULL,
  `date_joined` datetime(6) NOT NULL,
  PRIMARY KEY (`id`),
  UNIQUE KEY `username` (`username`)
) ENGINE=InnoDB AUTO_INCREMENT=2 DEFAULT CHARSET=utf8;
/*!40101 SET character_set_client = @saved_cs_client */;

--
-- Dumping data for table `auth_user`
--

LOCK TABLES `auth_user` WRITE;
/*!40000 ALTER TABLE `auth_user` DISABLE KEYS */;
INSERT INTO `auth_user` VALUES (1,'argon2$argon2id$v=19$m=102400,t=2,p=8$bDdjMHZsS0ExUUlQNFh0MzRMV0J1SQ$dv0POmRWAmRkHo2PhZLPZfKZ6Q36+i0vtA+PIVUZK+s','2023-01-17 09:27:23.753347',1,'haruharu','','','ha.sato.522@gmail.com',1,1,'2022-12-07 06:39:12.262694');
/*!40000 ALTER TABLE `auth_user` ENABLE KEYS */;
UNLOCK TABLES;

--
-- Table structure for table `auth_user_groups`
--

DROP TABLE IF EXISTS `auth_user_groups`;
/*!40101 SET @saved_cs_client     = @@character_set_client */;
 SET character_set_client = utf8mb4 ;
CREATE TABLE `auth_user_groups` (
  `id` bigint(20) NOT NULL AUTO_INCREMENT,
  `user_id` int(11) NOT NULL,
  `group_id` int(11) NOT NULL,
  PRIMARY KEY (`id`),
  UNIQUE KEY `auth_user_groups_user_id_group_id_94350c0c_uniq` (`user_id`,`group_id`),
  KEY `auth_user_groups_group_id_97559544_fk_auth_group_id` (`group_id`),
  CONSTRAINT `auth_user_groups_group_id_97559544_fk_auth_group_id` FOREIGN KEY (`group_id`) REFERENCES `auth_group` (`id`),
  CONSTRAINT `auth_user_groups_user_id_6a12ed8b_fk_auth_user_id` FOREIGN KEY (`user_id`) REFERENCES `auth_user` (`id`)
) ENGINE=InnoDB DEFAULT CHARSET=utf8;
/*!40101 SET character_set_client = @saved_cs_client */;

--
-- Dumping data for table `auth_user_groups`
--

LOCK TABLES `auth_user_groups` WRITE;
/*!40000 ALTER TABLE `auth_user_groups` DISABLE KEYS */;
/*!40000 ALTER TABLE `auth_user_groups` ENABLE KEYS */;
UNLOCK TABLES;

--
-- Table structure for table `auth_user_user_permissions`
--

DROP TABLE IF EXISTS `auth_user_user_permissions`;
/*!40101 SET @saved_cs_client     = @@character_set_client */;
 SET character_set_client = utf8mb4 ;
CREATE TABLE `auth_user_user_permissions` (
  `id` bigint(20) NOT NULL AUTO_INCREMENT,
  `user_id` int(11) NOT NULL,
  `permission_id` int(11) NOT NULL,
  PRIMARY KEY (`id`),
  UNIQUE KEY `auth_user_user_permissions_user_id_permission_id_14a6b632_uniq` (`user_id`,`permission_id`),
  KEY `auth_user_user_permi_permission_id_1fbb5f2c_fk_auth_perm` (`permission_id`),
  CONSTRAINT `auth_user_user_permi_permission_id_1fbb5f2c_fk_auth_perm` FOREIGN KEY (`permission_id`) REFERENCES `auth_permission` (`id`),
  CONSTRAINT `auth_user_user_permissions_user_id_a95ead1b_fk_auth_user_id` FOREIGN KEY (`user_id`) REFERENCES `auth_user` (`id`)
) ENGINE=InnoDB DEFAULT CHARSET=utf8;
/*!40101 SET character_set_client = @saved_cs_client */;

--
-- Dumping data for table `auth_user_user_permissions`
--

LOCK TABLES `auth_user_user_permissions` WRITE;
/*!40000 ALTER TABLE `auth_user_user_permissions` DISABLE KEYS */;
/*!40000 ALTER TABLE `auth_user_user_permissions` ENABLE KEYS */;
UNLOCK TABLES;

--
-- Table structure for table `coupon`
--

DROP TABLE IF EXISTS `coupon`;
/*!40101 SET @saved_cs_client     = @@character_set_client */;
 SET character_set_client = utf8mb4 ;
CREATE TABLE `coupon` (
  `id` int(11) NOT NULL AUTO_INCREMENT,
  `name` varchar(100) NOT NULL,
  `comment` varchar(100) DEFAULT NULL,
  `start_date` timestamp NOT NULL,
  `end_date` timestamp NOT NULL,
  `store_id` int(11) NOT NULL,
  `sub_item_id` int(11) NOT NULL,
  `image` varchar(100) DEFAULT NULL,
  PRIMARY KEY (`id`),
  KEY `subItem_id` (`sub_item_id`),
  KEY `store_id` (`store_id`),
  CONSTRAINT `coupon_ibfk_1` FOREIGN KEY (`sub_item_id`) REFERENCES `sub_item` (`id`),
  CONSTRAINT `coupon_ibfk_2` FOREIGN KEY (`store_id`) REFERENCES `store` (`id`)
) ENGINE=InnoDB AUTO_INCREMENT=5 DEFAULT CHARSET=utf8mb4;
/*!40101 SET character_set_client = @saved_cs_client */;

--
-- Dumping data for table `coupon`
--

LOCK TABLES `coupon` WRITE;
/*!40000 ALTER TABLE `coupon` DISABLE KEYS */;
INSERT INTO `coupon` VALUES (1,'さば切り身20円引き','こちらのクーポンで対象商品を20円値引き致します。','2022-10-20 01:00:00','2022-11-05 01:00:00',1,1,'image.jpg');
/*!40000 ALTER TABLE `coupon` ENABLE KEYS */;
UNLOCK TABLES;

--
-- Table structure for table `coupon_use`
--

DROP TABLE IF EXISTS `coupon_use`;
/*!40101 SET @saved_cs_client     = @@character_set_client */;
 SET character_set_client = utf8mb4 ;
CREATE TABLE `coupon_use` (
  `id` int(11) NOT NULL AUTO_INCREMENT,
  `coupon_id` int(11) NOT NULL,
  `user_id` int(11) NOT NULL,
  `used_flag` int(11) NOT NULL,
  `start_date` timestamp NOT NULL,
  PRIMARY KEY (`id`),
  KEY `couponuse_ibfk_1_idx` (`coupon_id`),
  KEY `user_id` (`user_id`),
  CONSTRAINT `coupon_use_ibfk_1` FOREIGN KEY (`coupon_id`) REFERENCES `coupon` (`id`),
  CONSTRAINT `coupon_use_ibfk_2` FOREIGN KEY (`user_id`) REFERENCES `user` (`id`)
) ENGINE=InnoDB AUTO_INCREMENT=2 DEFAULT CHARSET=utf8mb4;
/*!40101 SET character_set_client = @saved_cs_client */;

--
-- Dumping data for table `coupon_use`
--

LOCK TABLES `coupon_use` WRITE;
/*!40000 ALTER TABLE `coupon_use` DISABLE KEYS */;
INSERT INTO `coupon_use` VALUES (1,1,1,1,'0000-00-00 00:00:00');
/*!40000 ALTER TABLE `coupon_use` ENABLE KEYS */;
UNLOCK TABLES;

--
-- Table structure for table `discount`
--

DROP TABLE IF EXISTS `discount`;
/*!40101 SET @saved_cs_client     = @@character_set_client */;
 SET character_set_client = utf8mb4 ;
CREATE TABLE `discount` (
  `id` int(11) NOT NULL AUTO_INCREMENT,
  `store_id` int(11) NOT NULL,
  `item_id` int(11) NOT NULL,
  `detail` varchar(100) DEFAULT NULL,
  `price` int(11) NOT NULL,
  `amount` int(11) DEFAULT NULL,
  `start_date` timestamp NOT NULL,
  `end_date` timestamp NOT NULL,
  PRIMARY KEY (`id`),
  KEY `store_id` (`store_id`),
  KEY `item_id` (`item_id`),
  CONSTRAINT `discount_ibfk_1` FOREIGN KEY (`store_id`) REFERENCES `store` (`id`),
  CONSTRAINT `discount_ibfk_2` FOREIGN KEY (`item_id`) REFERENCES `item` (`id`)
) ENGINE=InnoDB AUTO_INCREMENT=2 DEFAULT CHARSET=utf8mb4;
/*!40101 SET character_set_client = @saved_cs_client */;

--
-- Dumping data for table `discount`
--

LOCK TABLES `discount` WRITE;
/*!40000 ALTER TABLE `discount` DISABLE KEYS */;
INSERT INTO `discount` VALUES (1,1,1,'さばの切り身',120,1,'0000-00-00 00:00:00','0000-00-00 00:00:00');
/*!40000 ALTER TABLE `discount` ENABLE KEYS */;
UNLOCK TABLES;

--
-- Table structure for table `django_admin_log`
--

DROP TABLE IF EXISTS `django_admin_log`;
/*!40101 SET @saved_cs_client     = @@character_set_client */;
 SET character_set_client = utf8mb4 ;
CREATE TABLE `django_admin_log` (
  `id` int(11) NOT NULL AUTO_INCREMENT,
  `action_time` datetime(6) NOT NULL,
  `object_id` longtext,
  `object_repr` varchar(200) NOT NULL,
  `action_flag` smallint(5) unsigned NOT NULL,
  `change_message` longtext NOT NULL,
  `content_type_id` int(11) DEFAULT NULL,
  `user_id` int(11) NOT NULL,
  PRIMARY KEY (`id`),
  KEY `django_admin_log_content_type_id_c4bce8eb_fk_django_co` (`content_type_id`),
  KEY `django_admin_log_user_id_c564eba6_fk_auth_user_id` (`user_id`),
  CONSTRAINT `django_admin_log_content_type_id_c4bce8eb_fk_django_co` FOREIGN KEY (`content_type_id`) REFERENCES `django_content_type` (`id`),
  CONSTRAINT `django_admin_log_user_id_c564eba6_fk_auth_user_id` FOREIGN KEY (`user_id`) REFERENCES `auth_user` (`id`)
) ENGINE=InnoDB DEFAULT CHARSET=utf8;
/*!40101 SET character_set_client = @saved_cs_client */;

--
-- Dumping data for table `django_admin_log`
--

LOCK TABLES `django_admin_log` WRITE;
/*!40000 ALTER TABLE `django_admin_log` DISABLE KEYS */;
/*!40000 ALTER TABLE `django_admin_log` ENABLE KEYS */;
UNLOCK TABLES;

--
-- Table structure for table `django_content_type`
--

DROP TABLE IF EXISTS `django_content_type`;
/*!40101 SET @saved_cs_client     = @@character_set_client */;
 SET character_set_client = utf8mb4 ;
CREATE TABLE `django_content_type` (
  `id` int(11) NOT NULL AUTO_INCREMENT,
  `app_label` varchar(100) NOT NULL,
  `model` varchar(100) NOT NULL,
  PRIMARY KEY (`id`),
  UNIQUE KEY `django_content_type_app_label_model_76bd3d3b_uniq` (`app_label`,`model`)
) ENGINE=InnoDB AUTO_INCREMENT=16 DEFAULT CHARSET=utf8;
/*!40101 SET character_set_client = @saved_cs_client */;

--
-- Dumping data for table `django_content_type`
--

LOCK TABLES `django_content_type` WRITE;
/*!40000 ALTER TABLE `django_content_type` DISABLE KEYS */;
INSERT INTO `django_content_type` VALUES (1,'admin','logentry'),(3,'auth','group'),(2,'auth','permission'),(4,'auth','user'),(5,'contenttypes','contenttype'),(6,'sessions','session'),(7,'shopper','area'),(15,'shopper','inquiry'),(12,'shopper','item'),(14,'shopper','mainitem'),(11,'shopper','prefecture'),(8,'shopper','region'),(10,'shopper','store'),(13,'shopper','storeuser'),(9,'shopper','user');
/*!40000 ALTER TABLE `django_content_type` ENABLE KEYS */;
UNLOCK TABLES;

--
-- Table structure for table `django_migrations`
--

DROP TABLE IF EXISTS `django_migrations`;
/*!40101 SET @saved_cs_client     = @@character_set_client */;
 SET character_set_client = utf8mb4 ;
CREATE TABLE `django_migrations` (
  `id` bigint(20) NOT NULL AUTO_INCREMENT,
  `app` varchar(255) NOT NULL,
  `name` varchar(255) NOT NULL,
  `applied` datetime(6) NOT NULL,
  PRIMARY KEY (`id`)
) ENGINE=InnoDB AUTO_INCREMENT=19 DEFAULT CHARSET=utf8;
/*!40101 SET character_set_client = @saved_cs_client */;

--
-- Dumping data for table `django_migrations`
--

LOCK TABLES `django_migrations` WRITE;
/*!40000 ALTER TABLE `django_migrations` DISABLE KEYS */;
INSERT INTO `django_migrations` VALUES (1,'contenttypes','0001_initial','2022-12-06 16:55:12.840496'),(2,'auth','0001_initial','2022-12-06 16:55:15.502562'),(3,'admin','0001_initial','2022-12-06 16:55:16.092864'),(4,'admin','0002_logentry_remove_auto_add','2022-12-06 16:55:16.111435'),(5,'admin','0003_logentry_add_action_flag_choices','2022-12-06 16:55:16.131732'),(6,'contenttypes','0002_remove_content_type_name','2022-12-06 16:55:16.564946'),(7,'auth','0002_alter_permission_name_max_length','2022-12-06 16:55:16.806177'),(8,'auth','0003_alter_user_email_max_length','2022-12-06 16:55:17.023342'),(9,'auth','0004_alter_user_username_opts','2022-12-06 16:55:17.047733'),(10,'auth','0005_alter_user_last_login_null','2022-12-06 16:55:17.271865'),(11,'auth','0006_require_contenttypes_0002','2022-12-06 16:55:17.286244'),(12,'auth','0007_alter_validators_add_error_messages','2022-12-06 16:55:17.311286'),(13,'auth','0008_alter_user_username_max_length','2022-12-06 16:55:17.588521'),(14,'auth','0009_alter_user_last_name_max_length','2022-12-06 16:55:17.858131'),(15,'auth','0010_alter_group_name_max_length','2022-12-06 16:55:18.110276'),(16,'auth','0011_update_proxy_permissions','2022-12-06 16:55:18.130744'),(17,'auth','0012_alter_user_first_name_max_length','2022-12-06 16:55:18.394355'),(18,'sessions','0001_initial','2022-12-06 16:55:18.551234');
/*!40000 ALTER TABLE `django_migrations` ENABLE KEYS */;
UNLOCK TABLES;

--
-- Table structure for table `django_session`
--

DROP TABLE IF EXISTS `django_session`;
/*!40101 SET @saved_cs_client     = @@character_set_client */;
 SET character_set_client = utf8mb4 ;
CREATE TABLE `django_session` (
  `session_key` varchar(40) NOT NULL,
  `session_data` longtext NOT NULL,
  `expire_date` datetime(6) NOT NULL,
  PRIMARY KEY (`session_key`),
  KEY `django_session_expire_date_a5c62663` (`expire_date`)
) ENGINE=InnoDB DEFAULT CHARSET=utf8;
/*!40101 SET character_set_client = @saved_cs_client */;

--
-- Dumping data for table `django_session`
--

LOCK TABLES `django_session` WRITE;
/*!40000 ALTER TABLE `django_session` DISABLE KEYS */;
INSERT INTO `django_session` VALUES ('n4o6ouvn9c8bou3ri52nn4l8ey9d2ojg','.eJxVjEEOwiAUBe_C2pBSoAWX7j0DeeV_pGogKe3KeHdt0oVu38y8lwjY1hy2xkuYSZyFEqffbUJ8cNkB3VFuVcZa1mWe5K7IgzZ5rcTPy-H-HWS0_K2TJ3L9YJL1VmltdA94YqeBMXVIyminIpgSjDNWEUBmSCPYMevOivcH7xY4kg:1p2o6W:pU7ElaDeWCXMhC8KXoe2cdtp6AlyLaNpdAG30-11Vhk','2022-12-21 06:40:28.863386');
/*!40000 ALTER TABLE `django_session` ENABLE KEYS */;
UNLOCK TABLES;

--
-- Table structure for table `favorite`
--

DROP TABLE IF EXISTS `favorite`;
/*!40101 SET @saved_cs_client     = @@character_set_client */;
 SET character_set_client = utf8mb4 ;
CREATE TABLE `favorite` (
  `id` int(11) NOT NULL AUTO_INCREMENT,
  `user_id` int(11) NOT NULL,
  `product_id` int(11) NOT NULL COMMENT 'itemRegister_id',
  PRIMARY KEY (`id`),
  KEY `user_id` (`user_id`),
  KEY `favoritelist_ibfk_2_idx` (`product_id`),
  CONSTRAINT `favorite_ibfk_1` FOREIGN KEY (`user_id`) REFERENCES `user` (`id`),
  CONSTRAINT `favorite_ibfk_2` FOREIGN KEY (`product_id`) REFERENCES `product` (`id`)
) ENGINE=InnoDB AUTO_INCREMENT=2 DEFAULT CHARSET=utf8mb4;
/*!40101 SET character_set_client = @saved_cs_client */;

--
-- Dumping data for table `favorite`
--

LOCK TABLES `favorite` WRITE;
/*!40000 ALTER TABLE `favorite` DISABLE KEYS */;
INSERT INTO `favorite` VALUES (1,1,1);
/*!40000 ALTER TABLE `favorite` ENABLE KEYS */;
UNLOCK TABLES;

--
-- Table structure for table `flyer`
--

DROP TABLE IF EXISTS `flyer`;
/*!40101 SET @saved_cs_client     = @@character_set_client */;
 SET character_set_client = utf8mb4 ;
CREATE TABLE `flyer` (
  `id` int(11) NOT NULL AUTO_INCREMENT,
  `store_id` int(11) NOT NULL,
  `name` varchar(100) NOT NULL,
  `click` int(11) DEFAULT NULL,
  `start_date` timestamp NOT NULL,
  `end_date` timestamp NOT NULL,
  `main_image` varchar(100) DEFAULT NULL,
  `sub_image` varchar(100) DEFAULT NULL,
  PRIMARY KEY (`id`),
  KEY `flyer_ibfk_1_idx` (`id`),
  KEY `store_id` (`store_id`),
  CONSTRAINT `flyer_ibfk_1` FOREIGN KEY (`store_id`) REFERENCES `store` (`id`)
) ENGINE=InnoDB AUTO_INCREMENT=2 DEFAULT CHARSET=utf8mb4;
/*!40101 SET character_set_client = @saved_cs_client */;

--
-- Dumping data for table `flyer`
--

LOCK TABLES `flyer` WRITE;
/*!40000 ALTER TABLE `flyer` DISABLE KEYS */;
INSERT INTO `flyer` VALUES (1,1,'秋の食材セール',0,'0000-00-00 00:00:00','0000-00-00 00:00:00','mainimage.jpg','subimage.jpg');
/*!40000 ALTER TABLE `flyer` ENABLE KEYS */;
UNLOCK TABLES;

--
-- Table structure for table `follow`
--

DROP TABLE IF EXISTS `follow`;
/*!40101 SET @saved_cs_client     = @@character_set_client */;
 SET character_set_client = utf8mb4 ;
CREATE TABLE `follow` (
  `id` int(11) NOT NULL AUTO_INCREMENT,
  `user_id` int(11) NOT NULL,
  `follow_user_id` int(11) NOT NULL,
  PRIMARY KEY (`id`),
  KEY `followUser_id` (`follow_user_id`),
  KEY `use_id` (`user_id`),
  CONSTRAINT `follow_ibfk_1` FOREIGN KEY (`user_id`) REFERENCES `user` (`id`),
  CONSTRAINT `follow_ibfk_2` FOREIGN KEY (`follow_user_id`) REFERENCES `user` (`id`)
) ENGINE=InnoDB AUTO_INCREMENT=2 DEFAULT CHARSET=utf8mb4;
/*!40101 SET character_set_client = @saved_cs_client */;

--
-- Dumping data for table `follow`
--

LOCK TABLES `follow` WRITE;
/*!40000 ALTER TABLE `follow` DISABLE KEYS */;
INSERT INTO `follow` VALUES (1,1,2);
/*!40000 ALTER TABLE `follow` ENABLE KEYS */;
UNLOCK TABLES;

--
-- Table structure for table `inquiry`
--

DROP TABLE IF EXISTS `inquiry`;
/*!40101 SET @saved_cs_client     = @@character_set_client */;
 SET character_set_client = utf8mb4 ;
CREATE TABLE `inquiry` (
  `id` int(11) NOT NULL AUTO_INCREMENT,
  `user_id` int(11) NOT NULL,
  `email` varchar(30) NOT NULL,
  `type` int(11) NOT NULL,
  `text` varchar(10000) DEFAULT NULL,
  PRIMARY KEY (`id`),
  KEY `user` (`user_id`),
  CONSTRAINT `inquiry_ibfk_1` FOREIGN KEY (`user_id`) REFERENCES `user` (`id`)
) ENGINE=InnoDB AUTO_INCREMENT=2 DEFAULT CHARSET=utf8;
/*!40101 SET character_set_client = @saved_cs_client */;

--
-- Dumping data for table `inquiry`
--

LOCK TABLES `inquiry` WRITE;
/*!40000 ALTER TABLE `inquiry` DISABLE KEYS */;
INSERT INTO `inquiry` VALUES (1,34,'',1,'テスト投稿');
/*!40000 ALTER TABLE `inquiry` ENABLE KEYS */;
UNLOCK TABLES;

--
-- Table structure for table `item`
--

DROP TABLE IF EXISTS `item`;
/*!40101 SET @saved_cs_client     = @@character_set_client */;
 SET character_set_client = utf8mb4 ;
CREATE TABLE `item` (
  `id` int(11) NOT NULL AUTO_INCREMENT,
  `name` varchar(100) NOT NULL,
  `unit_id` int(11) NOT NULL,
  PRIMARY KEY (`id`),
  KEY `unit` (`unit_id`),
  CONSTRAINT `item_ibfk_1` FOREIGN KEY (`unit_id`) REFERENCES `unit` (`id`)
) ENGINE=InnoDB AUTO_INCREMENT=340 DEFAULT CHARSET=utf8mb4;
/*!40101 SET character_set_client = @saved_cs_client */;

--
-- Dumping data for table `item`
--

LOCK TABLES `item` WRITE;
/*!40000 ALTER TABLE `item` DISABLE KEYS */;
INSERT INTO `item` VALUES (1,'レタス',1),(2,'レタス1/2',1),(3,'キャベツ1',1),(4,'キャベツ1/2',1),(5,'白菜',1),(6,'白菜1/2',1),(7,'白菜1/4',1),(8,'水菜',1),(9,'菊菜',1),(10,'ほうれん草',1),(11,'小松菜',1),(12,'チンゲン菜',1),(13,'白菜',1),(14,'パプリカ',1),(15,'ピーマン',1),(16,'トマト',1),(17,'ナス',1),(18,'きゅうり',1),(19,'かぼちゃ',1),(20,'じゃがいも',1),(21,'さつまいも',1),(22,'さといも',1),(23,'やまいも',3),(24,'大根',1),(25,'れんこん',3),(26,'かぶ',1),(27,'にんじん',1),(28,'えのき',1),(29,'しめじ',1),(30,'ブナピー',1),(31,'なめたけ',1),(32,'しいたけ',1),(33,'まいたけ',1),(34,'まつたけ',1),(35,'エリンギ',3),(36,'もやし',3),(37,'えだまめ',1),(38,'いんげん豆',1),(39,'スナップエンドウ',1),(40,'白ねぎ',1),(41,'青ねぎ',1),(42,'にら',1),(43,'大葉',1),(44,'みょうが',1),(45,'しょうが',1),(46,'にんにく',1),(47,'りんご',1),(48,'みかん',1),(49,'オレンジ',1),(50,'バナナ',1),(51,'いちご',1),(52,'パイナップル',1),(53,'メロン',1),(54,'すいか',1),(55,'和なし',1),(56,'洋なし',1),(57,'ぶどう',1),(58,'キウイ',1),(59,'マンゴー',1),(60,'カットフルーツ（ミックス）',1),(61,'鳥もも肉（国産）',3),(62,'鳥むね肉（国産）',3),(63,'鳥ささみ（国産）',3),(64,'鳥手羽先（国産）',3),(65,'鳥レバー（国産）',3),(66,'鳥ハツ（国産）',3),(67,'鳥砂肝（国産）',3),(68,'鳥軟骨（国産）',3),(69,'鳥ミンチ（国産）',3),(70,'鳥もも肉（外国産）',3),(71,'鳥むね肉（外国産）',3),(72,'鳥ささみ（外国産）',3),(73,'鳥手羽先（外国産）',3),(74,'鳥レバー（外国産）',3),(75,'鳥ハツ（外国産）',3),(76,'鳥砂肝（外国産）',3),(77,'鳥軟骨（外国産）',3),(78,'鳥ミンチ（外国産）',3),(79,'鳥もも肉（銘柄）',3),(80,'鳥むね肉（銘柄）',3),(81,'鳥ささみ（銘柄）',3),(82,'鳥手羽先（銘柄）',3),(83,'鳥レバー（銘柄）',3),(84,'鳥ハツ（銘柄）',3),(85,'鳥砂肝（銘柄）',3),(86,'鳥軟骨（銘柄）',3),(87,'鳥ミンチ（銘柄）',3),(88,'豚ヒレ（国産）',3),(89,'豚モモ（国産）',3),(90,'豚バラ（国産）',3),(91,'豚ロース（国産）',3),(92,'豚肩ロース（国産）',3),(93,'豚肩（国産）',3),(94,'豚ミンチ（国産）',3),(95,'豚こま切れ（国産）',3),(96,'豚ヒレ（外国産）',3),(97,'豚モモ（外国産）',3),(98,'豚バラ（外国産）',3),(99,'豚ロース（外国産）',3),(100,'豚肩ロース（外国産）',3),(101,'豚肩（外国産）',3),(102,'豚ミンチ（外国産）',3),(103,'豚こま切れ（外国産）',3),(104,'豚ヒレ（銘柄）',3),(105,'豚モモ（銘柄）',3),(106,'豚バラ（銘柄）',3),(107,'豚ロース（銘柄）',3),(108,'豚肩ロース（銘柄）',3),(109,'豚肩（銘柄）',3),(110,'豚ミンチ（銘柄）',3),(111,'豚こま切れ（銘柄）',3),(112,'牛肩ロース（国産）',3),(113,'牛リブロース（国産）',3),(114,'牛バラ（国産）',3),(115,'牛ヒレ（国産）',3),(116,'牛サーロイン（国産）',3),(117,'牛ランプ（国産）',3),(118,'牛肩（国産）',3),(119,'牛モモ（国産）',3),(120,'牛スネ（国産）',3),(121,'牛タン（国産）',3),(122,'牛レバー（国産）',3),(123,'牛ミンチ（国産）',3),(124,'牛こま切れ（国産）',3),(125,'牛肩ロース（外国産）',3),(126,'牛リブロース（外国産）',3),(127,'牛バラ（外国産）',3),(128,'牛ヒレ（外国産）',3),(129,'牛サーロイン（外国産）',3),(130,'牛ランプ（外国産）',3),(131,'牛肩（外国産）',3),(132,'牛モモ（外国産）',3),(133,'牛スネ（外国産）',3),(134,'牛タン（外国産）',3),(135,'牛レバー（外国産）',3),(136,'牛ミンチ（外国産）',3),(137,'牛こま切れ（外国産）',3),(138,'牛肩ロース（銘柄）',3),(139,'牛リブロース（銘柄）',3),(140,'牛バラ（銘柄）',3),(141,'牛ヒレ（銘柄）',3),(142,'牛サーロイン（銘柄）',3),(143,'牛ランプ（銘柄）',3),(144,'牛肩（銘柄）',3),(145,'牛モモ（銘柄）',3),(146,'牛スネ（銘柄）',3),(147,'牛タン（銘柄）',3),(148,'牛レバー（銘柄）',3),(149,'牛ミンチ（銘柄）',3),(150,'牛こま切れ（銘柄）',3),(151,'鮭（切り身）',2),(152,'さば（切り身）',2),(153,'ぶり（切り身）',2),(154,'サーモン（生食）',2),(155,'まぐろ（生食）',2),(156,'ほたて（生食）',3),(157,'いくら',3),(158,'たらこ',3),(159,'納豆',3),(160,'油揚げ',1),(161,'豆腐（大パック）',3),(162,'豆腐（小分け）',3),(163,'厚揚げ',3),(164,'卵',1),(165,'うずら卵',1),(166,'ヨーグルト（大パック）',3),(167,'ヨーグルト（小分け）',3),(168,'のむヨーグルト',3),(169,'バター',3),(170,'マーガリン',3),(171,'生クリーム',3),(172,'ホイップクリーム',3),(173,'プロセスチーズ（スライス）',3),(174,'プロセスチーズ（粉）',3),(175,'プロセスチーズ（ブロック）',3),(176,'プロセスチーズ（シュレッド）',3),(177,'ナチュラルチーズ（フレッシュ）',3),(178,'ナチュラルチーズ（白カビ）',3),(179,'ナチュラルチーズ（青カビ）',3),(180,'ナチュラルチーズ（ハード）',3),(181,'ナチュラルチーズ（セミハード）',3),(182,'ナチュラルチーズ（ウォッシュ）',3),(183,'ナチュラルチーズ（シェーブル）',3),(184,'米（白米）',4),(185,'米（玄米等）',4),(186,'米（無洗）',4),(187,'米（レトルト）',3),(188,'パスタ',3),(189,'マカロニ',3),(190,'シリアル',3),(191,'インスタント麺',3),(192,'カップ麺',3),(193,'ゆでそば',3),(194,'ゆでうどん',3),(195,'ゆで中華麺',3),(196,'乾麺そば',3),(197,'乾麺うどん',3),(198,'乾麺中華麺',3),(199,'生麺そば',3),(200,'生麺うどん',3),(201,'生麺中華麺',3),(202,'そーめん',3),(203,'食パン',1),(204,'フランスパン',1),(205,'調理パン',1),(206,'サラダ油',5),(207,'キャノーラ油',5),(208,'オリーブオイル',5),(209,'ごま油',5),(210,'米油',5),(211,'グレープシードオイル',5),(212,'アマニ油',5),(213,'エゴマ油',5),(214,'ココナッツオイル',5),(215,'ラード',3),(216,'味噌',3),(217,'だし入り味噌',3),(218,'濃口醬油',5),(219,'薄口醬油',5),(220,'ぽん酢',5),(221,'穀物酢',5),(222,'米酢',5),(223,'黒酢',5),(224,'バルサミコ酢',5),(225,'りんご酢',5),(226,'ワインビネガー',5),(227,'料理酒',5),(228,'白だし',5),(229,'めんつゆ',5),(230,'ラー油',5),(231,'ケチャップ',3),(232,'マヨネーズ',3),(233,'とんかつソース',5),(234,'ウスターソース',5),(235,'ミネラルウォーター',5),(236,'炭酸水',5),(237,'お茶',5),(238,'お茶飲料',5),(239,'コーヒー',5),(240,'炭酸飲料',5),(241,'果汁飲料',5),(242,'野菜ジュース',5),(243,'スムージー',5),(244,'牛乳',5),(245,'低脂肪乳',5),(246,'加工乳',5),(247,'乳飲料',5),(248,'乳酸飲料',5),(249,'エナジードリンク',5),(250,'栄養ドリンク',5),(251,'ワイン（赤）',5),(252,'ワイン（白）',5),(253,'ワイン（スパークリング）',5),(254,'焼酎',5),(255,'日本酒',5),(256,'缶チューハイ',5),(257,'缶ビール',5),(258,'瓶ビール',5),(259,'缶ハイボール',5),(260,'ウイスキー',5),(261,'リキュール',5),(262,'ガソリン（レギュラー）',6),(263,'ガソリン（ハイオク）',6),(264,'軽油',6),(265,'灯油',6),(339,'アナコンダ',2);
/*!40000 ALTER TABLE `item` ENABLE KEYS */;
UNLOCK TABLES;

--
-- Table structure for table `main_item`
--

DROP TABLE IF EXISTS `main_item`;
/*!40101 SET @saved_cs_client     = @@character_set_client */;
 SET character_set_client = utf8mb4 ;
CREATE TABLE `main_item` (
  `id` int(11) NOT NULL AUTO_INCREMENT,
  `name` varchar(100) NOT NULL,
  PRIMARY KEY (`id`)
) ENGINE=InnoDB AUTO_INCREMENT=18 DEFAULT CHARSET=utf8mb4;
/*!40101 SET character_set_client = @saved_cs_client */;

--
-- Dumping data for table `main_item`
--

LOCK TABLES `main_item` WRITE;
/*!40000 ALTER TABLE `main_item` DISABLE KEYS */;
INSERT INTO `main_item` VALUES (1,'生鮮・チルド'),(2,'惣菜・イートイン'),(3,'冷凍品'),(4,'調味料'),(5,'加工品'),(6,'パン'),(7,'菓子類'),(8,'飲料'),(9,'アルコール類'),(10,'生活雑貨'),(11,'コスメ＆ボディケア'),(12,'衛生・生理用品'),(13,'キッチン用品'),(14,'住居・生活用品'),(15,'洗濯・バス・トイレ用品'),(16,'衣料品'),(17,'ホビー・レジャー用品');
/*!40000 ALTER TABLE `main_item` ENABLE KEYS */;
UNLOCK TABLES;

--
-- Table structure for table `new_table`
--

DROP TABLE IF EXISTS `new_table`;
/*!40101 SET @saved_cs_client     = @@character_set_client */;
 SET character_set_client = utf8mb4 ;
CREATE TABLE `new_table` (
  `id` int(11) NOT NULL AUTO_INCREMENT,
  `name` varchar(45) NOT NULL,
  `address` varchar(45) NOT NULL,
  PRIMARY KEY (`id`),
  UNIQUE KEY `address_UNIQUE` (`address`)
) ENGINE=InnoDB DEFAULT CHARSET=utf8;
/*!40101 SET character_set_client = @saved_cs_client */;

--
-- Dumping data for table `new_table`
--

LOCK TABLES `new_table` WRITE;
/*!40000 ALTER TABLE `new_table` DISABLE KEYS */;
/*!40000 ALTER TABLE `new_table` ENABLE KEYS */;
UNLOCK TABLES;

--
-- Table structure for table `prefecture`
--

DROP TABLE IF EXISTS `prefecture`;
/*!40101 SET @saved_cs_client     = @@character_set_client */;
 SET character_set_client = utf8mb4 ;
CREATE TABLE `prefecture` (
  `id` int(11) NOT NULL AUTO_INCREMENT,
  `name` varchar(10) NOT NULL,
  `region_id` int(11) NOT NULL,
  PRIMARY KEY (`id`),
  KEY `region_id` (`region_id`),
  CONSTRAINT `prefecture_ibfk_1` FOREIGN KEY (`region_id`) REFERENCES `region` (`id`)
) ENGINE=InnoDB AUTO_INCREMENT=48 DEFAULT CHARSET=utf8mb4;
/*!40101 SET character_set_client = @saved_cs_client */;

--
-- Dumping data for table `prefecture`
--

LOCK TABLES `prefecture` WRITE;
/*!40000 ALTER TABLE `prefecture` DISABLE KEYS */;
INSERT INTO `prefecture` VALUES (1,'北海道',1),(2,'青森',2),(3,'岩手',2),(4,'宮城',2),(5,'秋田',2),(6,'山形',2),(7,'福島',2),(8,'茨城',3),(9,'栃木',3),(10,'群馬',3),(11,'埼玉',3),(12,'千葉',3),(13,'東京',3),(14,'神奈川',3),(15,'新潟',4),(16,'富山',4),(17,'石川',4),(18,'福井',4),(19,'山梨',3),(20,'長野',3),(21,'岐阜',5),(22,'静岡',5),(23,'愛知',5),(24,'三重',5),(25,'滋賀',6),(26,'京都',6),(27,'大阪',6),(28,'兵庫',6),(29,'奈良',6),(30,'和歌山',6),(31,'鳥取',7),(32,'島根',7),(33,'岡山',7),(34,'広島',7),(35,'山口',7),(36,'徳島',8),(37,'香川',8),(38,'愛媛',8),(39,'高知',8),(40,'福岡',9),(41,'佐賀',9),(42,'長崎',9),(43,'熊本',9),(44,'大分',9),(45,'宮崎',9),(46,'鹿児島',9),(47,'沖縄',10);
/*!40000 ALTER TABLE `prefecture` ENABLE KEYS */;
UNLOCK TABLES;

--
-- Table structure for table `product`
--

DROP TABLE IF EXISTS `product`;
/*!40101 SET @saved_cs_client     = @@character_set_client */;
 SET character_set_client = utf8mb4 ;
CREATE TABLE `product` (
  `id` int(11) NOT NULL AUTO_INCREMENT,
  `user_id` int(11) NOT NULL,
  `item_id` int(11) NOT NULL,
  `detail` varchar(100) DEFAULT NULL,
  `store_id` int(11) NOT NULL,
  `amount` int(11) DEFAULT NULL,
  `price` int(11) NOT NULL,
  `date` date NOT NULL,
  `discount` int(11) NOT NULL,
  `comment` varchar(1000) DEFAULT NULL,
  `price_per_amount` decimal(11,1) DEFAULT NULL,
  PRIMARY KEY (`id`),
  KEY `user_id` (`user_id`),
  KEY `item_id` (`item_id`),
  KEY `store_id` (`store_id`),
  CONSTRAINT `product_ibfk_1` FOREIGN KEY (`user_id`) REFERENCES `user` (`id`),
  CONSTRAINT `product_ibfk_2` FOREIGN KEY (`item_id`) REFERENCES `item` (`id`),
  CONSTRAINT `product_ibfk_3` FOREIGN KEY (`store_id`) REFERENCES `store` (`id`)
) ENGINE=InnoDB DEFAULT CHARSET=utf8mb4;
/*!40101 SET character_set_client = @saved_cs_client */;

--
-- Dumping data for table `product`
--

LOCK TABLES `product` WRITE;
/*!40000 ALTER TABLE `product` DISABLE KEYS */;
/*!40000 ALTER TABLE `product` ENABLE KEYS */;
UNLOCK TABLES;

--
-- Table structure for table `recipe`
--

DROP TABLE IF EXISTS `recipe`;
/*!40101 SET @saved_cs_client     = @@character_set_client */;
 SET character_set_client = utf8mb4 ;
CREATE TABLE `recipe` (
  `id` int(11) NOT NULL AUTO_INCREMENT,
  `store_id` int(11) NOT NULL,
  `name` varchar(100) NOT NULL,
  `click` int(11) DEFAULT NULL,
  `start_date` timestamp NOT NULL,
  `end_date` timestamp NOT NULL,
  `image_1` varchar(100) DEFAULT NULL,
  `image_2` varchar(100) DEFAULT NULL,
  `image_3` varchar(100) DEFAULT NULL,
  PRIMARY KEY (`id`),
  KEY `recipe_ibfk_1` (`store_id`),
  CONSTRAINT `recipe_ibfk_1` FOREIGN KEY (`store_id`) REFERENCES `store` (`id`)
) ENGINE=InnoDB AUTO_INCREMENT=5 DEFAULT CHARSET=utf8mb4;
/*!40101 SET character_set_client = @saved_cs_client */;

--
-- Dumping data for table `recipe`
--

LOCK TABLES `recipe` WRITE;
/*!40000 ALTER TABLE `recipe` DISABLE KEYS */;
INSERT INTO `recipe` VALUES (1,1,'さば寿司',1,'0000-00-00 00:00:00','0000-00-00 00:00:00','image1.jpg','image2.jpg','image3.jpg'),(2,1,'さばの味噌煮',1,'0000-00-00 00:00:00','0000-00-00 00:00:00','image1.jpg','image2.jpg','image3.jpg'),(3,1,'さばの塩焼き',1,'0000-00-00 00:00:00','0000-00-00 00:00:00','image1.jpg','image2.jpg','image3.jpg'),(4,1,'さばのお味噌汁',1,'0000-00-00 00:00:00','0000-00-00 00:00:00','image1.jpg','image2.jpg','image3.jpg');
/*!40000 ALTER TABLE `recipe` ENABLE KEYS */;
UNLOCK TABLES;

--
-- Table structure for table `region`
--

DROP TABLE IF EXISTS `region`;
/*!40101 SET @saved_cs_client     = @@character_set_client */;
 SET character_set_client = utf8mb4 ;
CREATE TABLE `region` (
  `id` int(11) NOT NULL AUTO_INCREMENT,
  `name` varchar(10) NOT NULL,
  PRIMARY KEY (`id`)
) ENGINE=InnoDB AUTO_INCREMENT=11 DEFAULT CHARSET=utf8mb4;
/*!40101 SET character_set_client = @saved_cs_client */;

--
-- Dumping data for table `region`
--

LOCK TABLES `region` WRITE;
/*!40000 ALTER TABLE `region` DISABLE KEYS */;
INSERT INTO `region` VALUES (1,'北海道'),(2,'東北'),(3,'関東'),(4,'北陸'),(5,'東海'),(6,'近畿'),(7,'中国'),(8,'四国'),(9,'九州'),(10,'沖縄');
/*!40000 ALTER TABLE `region` ENABLE KEYS */;
UNLOCK TABLES;

--
-- Table structure for table `store`
--

DROP TABLE IF EXISTS `store`;
/*!40101 SET @saved_cs_client     = @@character_set_client */;
 SET character_set_client = utf8mb4 ;
CREATE TABLE `store` (
  `id` int(11) NOT NULL AUTO_INCREMENT,
  `name` varchar(100) NOT NULL,
  `area_id` int(11) NOT NULL,
  `address` varchar(100) NOT NULL,
  `start_hour` time DEFAULT NULL,
  `end_hour` time DEFAULT NULL,
  `business_hours` varchar(100) DEFAULT NULL,
  `url` varchar(200) DEFAULT NULL,
  `tel` varchar(12) DEFAULT NULL,
  `payment` varchar(200) DEFAULT NULL,
  `facility` varchar(200) DEFAULT NULL,
  `service` varchar(200) DEFAULT NULL,
  `administrated_flag` int(11) NOT NULL,
  `open_flag` int(11) NOT NULL,
  `store_user_id` int(11) DEFAULT NULL,
  `count` int(11) DEFAULT NULL,
  PRIMARY KEY (`id`),
  KEY `store_ibfk_6_idx` (`address`),
  KEY `storeUser_id` (`store_user_id`),
  CONSTRAINT `store_ibfk_1` FOREIGN KEY (`store_user_id`) REFERENCES `store_user` (`id`)
) ENGINE=InnoDB DEFAULT CHARSET=utf8mb4;
/*!40101 SET character_set_client = @saved_cs_client */;

--
-- Dumping data for table `store`
--

LOCK TABLES `store` WRITE;
/*!40000 ALTER TABLE `store` DISABLE KEYS */;
/*!40000 ALTER TABLE `store` ENABLE KEYS */;
UNLOCK TABLES;

--
-- Table structure for table `store_update`
--

DROP TABLE IF EXISTS `store_update`;
/*!40101 SET @saved_cs_client     = @@character_set_client */;
 SET character_set_client = utf8mb4 ;
CREATE TABLE `store_update` (
  `id` int(11) NOT NULL AUTO_INCREMENT,
  `date` datetime NOT NULL,
  `user_id` int(11) NOT NULL,
  `store_user_id` int(11) NOT NULL,
  PRIMARY KEY (`id`),
  KEY `user_id` (`user_id`),
  KEY `storeUser_id` (`store_user_id`),
  CONSTRAINT `store_update_ibfk_1` FOREIGN KEY (`user_id`) REFERENCES `user` (`id`),
  CONSTRAINT `store_update_ibfk_2` FOREIGN KEY (`store_user_id`) REFERENCES `store_user` (`id`)
) ENGINE=InnoDB AUTO_INCREMENT=2 DEFAULT CHARSET=utf8mb4;
/*!40101 SET character_set_client = @saved_cs_client */;

--
-- Dumping data for table `store_update`
--

LOCK TABLES `store_update` WRITE;
/*!40000 ALTER TABLE `store_update` DISABLE KEYS */;
INSERT INTO `store_update` VALUES (1,'2022-10-01 00:00:00',1,1);
/*!40000 ALTER TABLE `store_update` ENABLE KEYS */;
UNLOCK TABLES;

--
-- Table structure for table `store_user`
--

DROP TABLE IF EXISTS `store_user`;
/*!40101 SET @saved_cs_client     = @@character_set_client */;
 SET character_set_client = utf8mb4 ;
CREATE TABLE `store_user` (
  `id` int(11) NOT NULL AUTO_INCREMENT,
  `mail` varchar(320) NOT NULL,
  `pass` varchar(20) NOT NULL,
  `name` varchar(100) NOT NULL,
  `address` varchar(100) NOT NULL,
  `tel` int(11) NOT NULL,
  `payment` int(11) NOT NULL,
  `active_flag` int(11) NOT NULL,
  PRIMARY KEY (`id`)
) ENGINE=InnoDB AUTO_INCREMENT=2 DEFAULT CHARSET=utf8mb4;
/*!40101 SET character_set_client = @saved_cs_client */;

--
-- Dumping data for table `store_user`
--

LOCK TABLES `store_user` WRITE;
/*!40000 ALTER TABLE `store_user` DISABLE KEYS */;
INSERT INTO `store_user` VALUES (1,'123@acb.jp','123','株式会社Bコーポレーション','大阪府大阪市西区江戸堀1-25-15 4A教室 Bテーブル',10002003,0,1);
/*!40000 ALTER TABLE `store_user` ENABLE KEYS */;
UNLOCK TABLES;

--
-- Table structure for table `sub_item`
--

DROP TABLE IF EXISTS `sub_item`;
/*!40101 SET @saved_cs_client     = @@character_set_client */;
 SET character_set_client = utf8mb4 ;
CREATE TABLE `sub_item` (
  `id` int(11) NOT NULL AUTO_INCREMENT,
  `name` varchar(100) NOT NULL,
  `main_item_id` int(11) NOT NULL,
  PRIMARY KEY (`id`),
  KEY `main_item_id` (`main_item_id`),
  CONSTRAINT `sub_item_ibfk_1` FOREIGN KEY (`main_item_id`) REFERENCES `main_item` (`id`)
) ENGINE=InnoDB AUTO_INCREMENT=104 DEFAULT CHARSET=utf8mb4;
/*!40101 SET character_set_client = @saved_cs_client */;

--
-- Dumping data for table `sub_item`
--

LOCK TABLES `sub_item` WRITE;
/*!40000 ALTER TABLE `sub_item` DISABLE KEYS */;
INSERT INTO `sub_item` VALUES (1,'-',1),(2,'葉菜（キャベツ、レタスなど）',1),(3,'果菜（トマト、きゅうりなど）',1),(4,'根菜（大根、じゃがいもなど）',1),(5,'きのこ',1),(6,'豆、もやし',1),(7,'薬味・ハーブ類',1),(8,'水煮',1),(9,'-',1),(10,'りんご',1),(11,'梨',1),(12,'みかん・柑橘',1),(13,'ブドウ・マスカット',1),(14,'バナナ',1),(15,'鶏肉',1),(16,'豚肉',1),(17,'牛肉',1),(18,'そのほかお肉',1),(19,'ハム・ソーセージ',1),(20,'お魚',1),(21,'貝類',1),(22,'和日配',1),(23,'洋日配・デザート',1),(24,'冷蔵加工品',1),(25,'冷蔵惣菜',1),(26,'お漬物・長期保存食品',1),(27,'牛乳・乳製品',1),(28,'卵',1),(29,'生麺',1),(30,'お惣菜・調理',2),(31,'寿司・お造り',2),(32,'惣菜',2),(33,'飲料',2),(34,'アルコール・酒類',2),(35,'冷凍',3),(36,'冷凍加工食品',3),(37,'冷凍菓子・アイス',3),(38,'香辛料',4),(39,'味噌',4),(40,'塩',4),(41,'砂糖',4),(42,'醤油',4),(43,'料理酒・みりん',4),(44,'調理ルー',4),(45,'ソース・ドレッシング',4),(46,'ジャム',4),(47,'加工品・保存食品',5),(48,'瓶詰',5),(49,'缶詰',5),(50,'パックごはん',5),(51,'レトルトソース',5),(52,'即席スープ・味噌汁',5),(53,'即席麺・カップ麺',5),(54,'米',5),(55,'穀物',5),(56,'乾麺',5),(57,'乾物',5),(58,'パン類',6),(59,'菓子(生鮮・チルド食品を除く）',7),(60,'機能性食品',7),(61,'果汁飲料',8),(62,'乳飲料',8),(63,'水',8),(64,'清酒',9),(65,'焼酎',9),(66,'ビール',9),(67,'ワイン',9),(68,'ノンアルコール',9),(69,'生活雑貨',10),(70,'メイク落とし・洗顔料',11),(71,'化粧水・乳液・クリーム',11),(72,'美容液・パック',11),(73,'コスメ・メイク',11),(74,'ボックスティッシュ',12),(75,'トイレットペーパー',12),(76,'ペーパータオル',12),(77,'ウエットティッシュ',12),(78,'衛生用品・マスク',12),(79,'ハミガキ・ハブラシ',12),(80,'シャンプー・リンス',12),(81,'石鹸・入浴剤',12),(82,'台所・食器用洗剤',13),(83,'ラップ・保存袋・消耗品',13),(84,'ゴミ袋・水切り・スポンジ・クロス',13),(85,'お弁当小物',13),(86,'住居洗剤・補修用品',14),(87,'除湿・芳香・消臭剤',14),(88,'防虫・殺虫剤',14),(89,'リビング用品',14),(90,'家電',14),(91,'電池・電球',14),(92,'冠婚葬祭',14),(93,'バス清掃用品',15),(94,'トイレ清掃用品',15),(95,'婦人衣料',16),(96,'紳士衣料',16),(97,'バッグ・ハンカチ・装飾品',16),(98,'タオル',10),(99,'雨具・傘・レインコート',16),(100,'靴・スリッパ',16),(101,'ホビー',17),(102,'レジャー用品',17),(103,'コーヒー',8);
/*!40000 ALTER TABLE `sub_item` ENABLE KEYS */;
UNLOCK TABLES;

--
-- Table structure for table `unit`
--

DROP TABLE IF EXISTS `unit`;
/*!40101 SET @saved_cs_client     = @@character_set_client */;
 SET character_set_client = utf8mb4 ;
CREATE TABLE `unit` (
  `id` int(11) NOT NULL AUTO_INCREMENT,
  `name` varchar(6) NOT NULL,
  PRIMARY KEY (`id`)
) ENGINE=InnoDB AUTO_INCREMENT=7 DEFAULT CHARSET=utf8;
/*!40101 SET character_set_client = @saved_cs_client */;

--
-- Dumping data for table `unit`
--

LOCK TABLES `unit` WRITE;
/*!40000 ALTER TABLE `unit` DISABLE KEYS */;
INSERT INTO `unit` VALUES (1,'個'),(2,'切れ'),(3,'g'),(4,'kg'),(5,'ml'),(6,'l');
/*!40000 ALTER TABLE `unit` ENABLE KEYS */;
UNLOCK TABLES;

--
-- Table structure for table `user`
--

DROP TABLE IF EXISTS `user`;
/*!40101 SET @saved_cs_client     = @@character_set_client */;
 SET character_set_client = utf8mb4 ;
CREATE TABLE `user` (
  `id` int(11) NOT NULL AUTO_INCREMENT,
  `email` varchar(255) NOT NULL,
  `pass` varchar(255) NOT NULL,
  `name` varchar(10) NOT NULL,
  `birthday` date NOT NULL,
  `gender` int(11) NOT NULL,
  `area_id` int(11) NOT NULL,
  `active_flag` int(11) NOT NULL,
  PRIMARY KEY (`id`),
  UNIQUE KEY `mail` (`email`),
  KEY `area_id` (`area_id`),
  CONSTRAINT `user_ibfk_1` FOREIGN KEY (`area_id`) REFERENCES `area` (`id`)
) ENGINE=InnoDB DEFAULT CHARSET=utf8mb4;
/*!40101 SET character_set_client = @saved_cs_client */;

--
-- Dumping data for table `user`
--

LOCK TABLES `user` WRITE;
/*!40000 ALTER TABLE `user` DISABLE KEYS */;
/*!40000 ALTER TABLE `user` ENABLE KEYS */;
UNLOCK TABLES;
/*!40103 SET TIME_ZONE=@OLD_TIME_ZONE */;

/*!40101 SET SQL_MODE=@OLD_SQL_MODE */;
/*!40014 SET FOREIGN_KEY_CHECKS=@OLD_FOREIGN_KEY_CHECKS */;
/*!40014 SET UNIQUE_CHECKS=@OLD_UNIQUE_CHECKS */;
/*!40101 SET CHARACTER_SET_CLIENT=@OLD_CHARACTER_SET_CLIENT */;
/*!40101 SET CHARACTER_SET_RESULTS=@OLD_CHARACTER_SET_RESULTS */;
/*!40101 SET COLLATION_CONNECTION=@OLD_COLLATION_CONNECTION */;
/*!40111 SET SQL_NOTES=@OLD_SQL_NOTES */;

-- Dump completed on 2023-01-18 16:06:07
